CF, nome, cognome, dataDiNascita, genere, comuneResidenza, telefono, ID_MED
WQSUBC27F34Z606T, Ofella, Elsmor, 1963-11-03, Female, Sanhe, +86 490 455 5663, NULL
LXRMDH62E73H021G, Rosita, de Courcy, 2000-04-24, Female, Gaotaizi, +86 637 706 5042, NULL
KHPEJT41Z28U181A, Creighton, OFallone, 2010-05-09, Male, Santa Cruz Muluá, +502 393 576 3824, NULL
PUEHJV04N07P812N, Adriena, Rumsby, 1947-01-23, Female, Mengdong, +86 106 680 2008, NULL
UHAWOV35D59R165R, Janaye, Annott, 1970-04-21, Female, Legen, +386 441 506 8923, NULL
XHWTOZ17K78K880J, Shalna, Nutting, 1986-12-13, Female, Yaguarón, +595 438 253 8548, NULL
UOQPFW08L24O340B, Farlay, Ewbach, 1948-12-28, Male, Palmas De Gran Canaria, Las, +34 567 528 9148, NULL
EBIANF46E71T451A, Royall, Dickens, 1984-01-11, Male, Butel, +389 195 263 8953, NULL
TUWPGS61T23K355U, Lorry, Tyrer, 1935-08-15, Female, Linköping, +46 762 501 6678, NULL
JICVEW88L23Y987A, Di, Huncoot, 2001-02-11, Female, Strunino, +7 558 683 6906, NULL
QVHOWF80T08P733E, Wolfy, Jantzen, 1977-06-22, Male, Yermolino, +7 858 127 1697, NULL
LZKNRJ23K88Z437Q, Ralph, Gierke, 1944-06-04, Male, Bajingzi, +86 450 350 8547, NULL
SQWOEL81R78K288R, Hayden, Oxbe, 1973-01-24, Male, Tanggulangin, +62 318 130 4811, NULL
SXKYRC50R56R101C, Graig, Found, 2014-02-16, Male, Nyangao, +255 672 130 4014, NULL
DPEYGK83M51A104N, Fleming, Alyoshin, 1975-12-20, Male, Maki, +81 559 361 7081, NULL
NKGXIJ68F75C232N, Davy, Agnolo, 1931-11-07, Male, Ceará Mirim, +55 622 674 2984, NULL
MNGABP51F60R140A, Caron, Wornham, 1989-08-28, Female, Olinda, +55 327 982 9042, NULL
IDAWMK61S94Q569E, Obed, Sor, 1991-02-27, Male, Ozatlán, +503 404 560 7738, NULL
MLSWQD46Y31C882L, Nikoletta, Rushmare, 1996-12-24, Female, Avignon, +33 974 577 0270, NULL
LFQEUS53C99B346R, Milo, Dives, 1986-04-01, Male, Karanglincak, +62 676 645 2069, NULL
YWNLEO00I62B340J, Katrinka, Bortoluzzi, 1932-06-21, Female, Pangpang, +63 221 350 3789, NULL
XGZQKA28L18B858I, Annette, Tremathick, 2001-07-20, Female, Goge, +62 415 966 0741, NULL
YADSXM64P32T788T, Alphonse, Canellas, 1977-01-31, Male, Bankim, +237 858 186 1483, NULL
AUWGLZ37O67T165I, Davidde, Cusack, 1969-10-27, Male, Nāḩiyat Alī ash Sharqī, +964 741 859 0741, NULL
TSXKVO82B91D588U, Munmro, Mechi, 1994-04-16, Male, Nazran’, +7 532 667 8956, NULL
EOYAWH73M76T391H, Clem, Shreenan, 1966-06-02, Female, Karadaglije, +387 992 212 8368, NULL
XYMRFD02K56P580Z, Eilis, Videan, 1999-07-27, Female, Ulashan, +86 555 372 9203, NULL
XHDVZC07E38Q604Q, Christean, Deppe, 1950-03-14, Female, Bromma, +46 193 986 4716, NULL
PLVSUB89W02A027M, Dede, Trevallion, 1955-11-15, Female, Rimbo, +46 488 519 3469, NULL
KTNVMU16G51J409P, Matthus, Rawsthorne, 1945-09-25, Male, Banjar Petak, +62 159 319 6643, NULL
ZVEDPB90U96E452V, Laetitia, McGrouther, 1965-07-05, Female, Butahai, +86 602 892 5500, NULL
FMNHOX04E65I096C, Gerome, Bussons, 1965-07-26, Male, Besukrejo, +62 590 764 7739, NULL
CZJROA56X13G362Y, Luelle, Merwede, 2003-06-15, Female, Mariinsk, +7 378 264 6454, NULL
DORTKZ54R67I226W, Arman, Kaplan, 1977-07-05, Male, Arnelas, +351 772 810 7705, NULL
VQUWBD32P44D062E, Winna, Pietruszewicz, 2012-04-22, Female, Estacion, +63 667 827 4058, NULL
LERMFS74E73N063B, Ragnar, Rockcliffe, 1959-03-07, Male, Seattle, +1 206 641 2748, NULL
HXNSVB86Y08S621X, Chelsy, Hollier, 1983-12-16, Female, Zafarwāl, +92 908 827 8869, NULL
VXQABO25B30P115C, Warren, Utley, 2003-09-01, Male, Le Mans, +33 224 780 4499, NULL
SFMLKP30J29P162A, Kenneth, Yoodall, 1963-07-14, Male, Gayam, +62 412 803 4620, NULL
XOTEHR35H02K224H, Dominique, Rothery, 1940-08-12, Female, Xiadian, +86 590 437 3047, NULL
CUZFRJ14Q95A689W, Nils, Scroggs, 1932-12-24, Male, Jiangkou, +86 156 634 0270, NULL
GPFMIT33G11Z586Z, Garret, Skacel, 1945-12-08, Male, Polešovice, +420 276 192 8160, NULL
OSCGTB09A04J142B, Ignacio, Blasetti, 2002-06-15, Male, Notranje Gorice, +386 303 982 0423, NULL
CUBSVP14K99B209S, Kaitlynn, Elcox, 1960-12-21, Female, Shangganshan, +86 607 103 5519, NULL
QTNKYG37I15E321C, Seth, Hillock, 1987-09-22, Male, Malaga, +34 259 826 3837, NULL
IEPTVU46W82I717A, Adiana, Dummer, 1984-06-29, Female, Skórcz, +48 221 127 8207, NULL
LQZCTY90U41Y133A, Edsel, Stronough, 1936-10-24, Male, Shitang, +86 398 846 3320, NULL
ASDQEK37Z69M874T, Dannie, Barthot, 1979-11-18, Male, Jiegan, +86 132 919 9269, NULL
GLKBHS50B86I978N, Melesa, Mitchall, 1956-09-26, Female, Banjar Parekan, +62 758 910 4535, NULL
MQYZRX27Z90H144Q, Bart, Earney, 1998-04-29, Male, La Cañada, +52 724 251 0624, NULL
TDPSAY34Z26O713B, Dee dee, Board, 2010-01-01, Female, Voyutychi, +380 193 485 7865, NULL
YDGLNA59T57B055U, Rayner, Mauvin, 1943-08-10, Male, Uurainen, +358 845 356 5386, NULL
WMUCHY56D24S074Q, Shaine, Cozby, 1966-09-14, Male, Sungai Iyu, +62 824 492 1374, NULL
VTBRCY83M09B847L, Ansell, Burnitt, 1988-04-29, Male, Caxarias, +351 358 457 7270, NULL
GNVUXD52X42C671I, Graeme, Cassar, 1962-10-02, Male, Benito Juarez, +52 881 553 2615, NULL
UJMSNG73D09H444T, Franky, Witt, 1936-06-14, Male, Langford, +1 539 243 3405, NULL
JBDVUN29D62F317M, Haily, ODulchonta, 1933-06-03, Female, Charlotte, +1 704 397 0252, NULL
UGEIMD11X63Y059Y, Ida, Muzzini, 1936-02-06, Female, Yangyong, +86 473 372 0281, NULL
HPEGCM89L03Y591U, Stillman, Cockle, 1949-02-19, Male, Pyrzyce, +48 528 851 9721, NULL
TCNDMA33X32R413N, Glendon, MacUchadair, 2011-12-21, Male, Ganyesa, +27 917 698 1014, NULL
GOSPHU77Q41Y860V, Mildred, St. Louis, 1983-10-12, Female, Seseng, +62 238 558 6927, NULL
KNMJVZ11P48M407K, Jolene, MChirrie, 1961-11-22, Female, La Ceja, +57 989 960 6629, NULL
JFBNMD04N01M981K, Tori, Sherrington, 1943-07-20, Female, Mikołów, +48 514 581 8802, NULL
KYRHWA28O36M015X, Haley, Unwin, 1988-06-20, Male, Strawczyn, +48 583 675 9465, NULL
JFHUNT50R26A473V, Angie, Palser, 1995-08-18, Male, Fort Worth, +1 682 537 7570, NULL
WESKGJ51E53Z896S, Natividad, Jochens, 1978-06-09, Female, Bulawayo, +263 145 234 5957, NULL
XPAIBZ14Y61W151G, Fran, Brittle, 1943-02-24, Male, Vilarinho das Cambas, +351 117 207 8101, NULL
VDKNJP50Q08C242U, Consuela, Burrage, 1951-11-18, Female, Ribeira das Taínhas, +351 603 106 5349, NULL
MXPIOK59T29U348G, Horace, Houson, 1995-03-02, Male, Gorzkowice, +48 680 549 6802, NULL
LFQGYW13H44N422L, Tanny, Zannolli, 1971-03-08, Male, La Floresta, +598 515 761 8473, NULL
AFPGXY48D69P990V, Zebadiah, Burgyn, 1964-01-15, Male, Lexington, +1 859 889 7810, NULL
XRPEHM47Q54U558K, Lucas, Adam, 1961-03-09, Male, Flen, +46 997 739 8892, NULL
NJWRCH54J51I119O, Sinclair, Buzine, 1997-02-26, Male, Dresden, +49 883 754 2001, NULL
BZLRKW26D33J895F, Jaymie, Wain, 1955-12-23, Male, Farah, +93 717 452 2687, NULL
KOEXHW58P83K334S, Ester, Hatwells, 1974-06-16, Female, Kokhanava, +375 441 224 3960, NULL
BDQVJN51B91X331Q, Dwight, Baldacco, 1956-05-23, Male, Vitória de Santo Antão, +55 105 390 9098, NULL
BIZJVO19S48F400G, Jesse, Akerman, 1978-08-27, Male, Hongqi, +86 934 989 4804, NULL
LKEUVA21K65C854E, Deane, Leneve, 1958-12-22, Male, Åstorp, +46 149 230 5262, NULL
NGTWPV97Y24W993D, Lancelot, Klimentyonok, 1994-11-16, Male, Malanje, +244 583 325 6250, NULL
LHWNMU93G60L481I, Marshal, Piel, 1957-09-07, Male, Beya, +7 396 350 8814, NULL
YCHDFP13F91M446P, Anett, Preddy, 1958-05-06, Female, La Guadalupe, +52 395 574 5279, NULL
JFLHTB58C82C266Q, Justus, Bourhill, 2001-03-30, Male, Santo Domingo, +1 389 708 2962, NULL
AOIRUB55U91T786D, Nelle, Houlaghan, 1968-02-17, Female, José Bonifácio, +55 859 390 9343, NULL
GATCBI47A33T989C, Karlee, Alvarez, 1947-05-17, Female, Rudnik, +48 695 812 3924, NULL
CEVAPR81J38T281Z, Hakim, Bosward, 1982-05-15, Male, Täby, +46 805 586 2000, NULL
UBPGXL68J48Z969O, Shana, Romera, 1997-04-15, Female, Wutumeiren, +86 516 727 8601, NULL
EOGHLB72R13A974H, Garreth, Foker, 1934-04-14, Male, Sinyavino, +7 112 418 2123, NULL
QHOGJP72O18M386K, Reine, Eustanch, 1950-09-01, Female, Alivéri, +30 156 891 1525, NULL
MQWTOR80M33D372X, Elicia, Doughton, 1964-06-21, Female, Podstepki, +7 927 910 6807, NULL
GJPYMA37G97R905X, Temple, Quinnell, 1982-11-05, Male, Irosin, +63 853 715 7468, NULL
ZBTLOJ46W84F258K, Daven, McSharry, 1974-06-27, Male, Taoyuan, +86 937 871 2102, NULL
UOAIMF04P78U969J, Deerdre, Clotworthy, 1936-05-19, Female, Uzyn, +380 409 734 4340, NULL
XMSPFJ07D78R292B, Patrick, Balham, 1970-03-18, Male, Meipu, +86 385 604 3503, NULL
MLPATO04I43U214K, Beverly, Biddles, 1983-09-15, Female, Viçosa, +55 146 806 9560, NULL
MGERNY15I21E062D, Jerome, Curror, 1986-01-21, Male, Mahong, +86 526 593 5996, NULL
VCOGTJ73M11B441H, Zsa zsa, Greenman, 1944-07-18, Female, København, +45 912 170 4387, NULL
SGVDBK90J55J757E, Danica, Sivills, 1982-09-05, Female, Shahre Jadide Andisheh, +98 299 237 0879, NULL
ODWJNM08J43B087D, Ivan, Smithend, 2010-08-18, Male, Zyuzino, +7 448 879 2015, NULL
XPWFIQ09P13D745Z, Avivah, Burnet, 1965-06-25, Female, Shinan, +86 391 565 0711, NULL
IOAKMD61E98P349C, Maison, Croxley, 1976-01-22, Male, Debre Zeyit, +251 387 823 8238, NULL
WEYZKQ21M65R441F, Cecil, Josephs, 1989-09-15, Female, Las Lajas, +54 153 290 6550, NULL
MPBSLF33N02R699K, Dillon, Stang-Gjertsen, 1998-10-31, Male, João Pinheiro, +55 100 748 8775, NULL
HOTFJN84S01H350H, Fredia, Menego, 2010-02-25, Female, Kuasha, +86 988 697 5629, NULL
CUYVJW98J39O114P, Kliment, Dominguez, 1946-07-29, Male, Kanthararom, +66 495 741 8145, NULL
XUGCJZ53G29C976G, Jephthah, Tatteshall, 2012-06-30, Male, Kadipaten, +62 841 790 0173, NULL
BTPXRO05Z07W930T, Stanley, Leband, 1971-01-11, Male, Lluka e Eperme, +383 832 328 1315, NULL
VKQDZO44O34L761J, Wynn, Da Costa, 2013-04-12, Female, Perpignan, +33 668 579 0870, NULL
OXWVLK24W76D639P, Kassey, Kernoghan, 1969-01-23, Female, Sergeyevka, +7 657 510 0204, NULL
VOXFIZ24J20J152O, Umberto, Callen, 1940-04-05, Male, Cañasgordas, +57 402 315 2326, NULL
YAWNOR01A86F211B, Dore, Aldersley, 1945-04-30, Male, Strängnäs, +46 664 623 4670, NULL
VGREQY65X97V481J, Ambrosio, Finlaison, 1943-02-15, Male, Chapecó, +55 970 525 2802, NULL
NWYBVK65T14M775N, Anselm, Lacroix, 1964-03-20, Male, Phichit, +66 134 315 1140, NULL
HLENKW67B95T537K, Ethelbert, Buy, 1976-10-13, Male, Cipari, +62 940 777 9412, NULL
FDOPSH61E54D911X, Giustina, Lonsbrough, 2007-07-18, Female, Nigríta, +30 161 102 0461, NULL
LJPHSW97V00Q193S, Lazare, Maccaig, 1970-06-06, Male, Inawashiro, +81 596 855 5735, NULL
ZVPNYQ46J59M641F, Stern, Sellwood, 1943-08-18, Male, Lazaro Cardenas, +52 437 143 2323, NULL
CPDUVY24H60K497Q, Denna, Handforth, 1983-01-20, Female, Maastricht, +31 926 524 9553, NULL
ZUNHPE43D25D246G, Rouvin, Stanners, 1960-06-26, Male, Grabovci, +385 541 348 6099, NULL
KXZONY34T38J023P, Salli, Ashingden, 2009-06-02, Female, Babakansalam, +62 847 623 5491, NULL
IFUYCP62H49Y851K, Cole, Stanistreet, 1935-01-19, Male, Soldato-Aleksandrovskoye, +7 816 678 2769, NULL
CIGUDN77B07Q300G, Daniele, Hellin, 1980-05-23, Female, Ford, +44 540 745 9706, NULL
UQCTEN65V27Q265V, Donaugh, Handling, 1939-03-28, Male, Airmolek, +62 203 811 9486, NULL
TMKLBU86Q22I141U, Sander, Cockman, 1960-11-21, Male, Pontevedra, +34 716 768 9885, NULL
OSTYGU29V42K707H, Aeriell, Yurov, 1996-06-08, Female, Prokhladnyy, +7 279 290 3580, NULL
BJSZTM21U50P177V, Mic, Vigers, 1986-06-04, Male, Gyeongsan-si, +82 424 752 6548, NULL
TAZXVD44W04R583B, Elmore, McCambrois, 1974-11-29, Male, Huatai, +86 631 404 0962, NULL
DWCJLF09V33Q684B, Nikaniki, Petyt, 1953-08-15, Female, Bugana, +234 369 853 7948, NULL
UTKXVD39L57Q670H, Gayle, Flancinbaum, 1933-12-25, Female, Kongkeshu, +86 204 173 9043, NULL
NVXCZH52F67E205T, Donnamarie, Scargill, 1971-08-17, Female, Pukë, +355 482 993 6341, NULL
BEFYQJ09S42I831E, Marline, Gingle, 2005-02-28, Female, ‘Uqayribāt, +963 187 897 3769, NULL
HWEMIP44U93M722I, Brigham, Vallis, 1994-05-03, Male, Lanyang, +86 161 412 8234, NULL
ZGWQIV79H35V032P, Alick, Krystof, 1962-07-27, Male, Huangshan, +86 312 605 4012, NULL
KBFVSC99A66U763P, Morris, Haylett, 1934-08-08, Male, Saint-Félicien, +1 197 327 6510, NULL
NDMTJQ43R95W777M, Gladi, Danat, 1943-01-03, Female, Rushankou, +86 173 110 1829, NULL
RPGEXI53B21M838M, Daisi, Broomhall, 1977-05-21, Female, Kamenka, +7 347 453 5098, NULL
TQGJMO39T02Z555S, Lesli, Wadforth, 2002-11-10, Female, Alasmalang, +62 685 159 6760, NULL
WNHKAX78Q13I634L, Gabriellia, McKain, 1954-02-27, Female, Anmore, +1 175 381 6954, NULL
RAVUGH84G01H136Q, Clemmie, Whitear, 1934-09-09, Male, Borāzjān, +98 387 917 6983, NULL
XWCNLR56T43O780Q, Maegan, Priestnall, 1954-08-05, Female, Porsgrunn, +47 631 460 4810, NULL
PSYAUO81U26Q688Q, Yancy, Loddon, 1963-06-27, Male, Bang Saphan, +66 935 573 6629, NULL
RPFHXM99X58B360U, Kimberly, Olyfat, 1977-11-09, Female, Acaraú, +55 442 313 6263, NULL
IWSKDP93A17R660U, Alisa, Kingsman, 1999-08-11, Female, Daytona Beach, +1 386 250 5030, NULL
LHFMYO98I16J779V, Liv, Treker, 1967-11-24, Female, Cachachi, +51 472 619 9278, NULL
VHQUXF22K15Y684U, Eben, Cullip, 2000-03-25, Male, Bangluo, +86 889 341 0297, NULL
HCWTZJ90V98F727K, Arthur, Euplate, 1969-12-28, Male, Awgu, +234 653 797 4803, NULL
OGFAQI00E08H114P, Paulette, Themann, 1997-03-20, Female, Ciguna, +62 951 711 4429, NULL
NKPERL87K75N768C, Rori, Danahar, 1939-03-03, Female, Wolofeo, +62 384 348 8648, NULL
BQEYCF11W47F910M, Fifine, Twede, 1936-09-15, Female, San Agustin, +51 111 927 9929, NULL
XODFBQ31H09Q963G, Rena, Adamoli, 1980-03-28, Female, West Palm Beach, +1 561 329 1931, NULL
BGZRFV30R27D042R, Agnella, Neachell, 1991-10-25, Female, Fos-sur-Mer, +33 856 837 2504, NULL
KCRIXD31D62N746Z, Kimberlee, Riseborough, 1932-05-07, Female, Ilha Solteira, +55 588 347 7342, NULL
EGACZU48G20Y404V, Genvieve, Ware, 2010-08-17, Female, Boketu, +86 519 829 2651, NULL
MDRNBU44K72V512G, Kirsti, Leverage, 2007-09-01, Female, Changliang, +86 540 323 5573, NULL
FQICXS65F54U246B, Tawnya, Stradling, 1981-06-30, Female, Zuitou, +86 144 364 5937, NULL
PUAJTN75V79X922S, Jermain, Bubbings, 1973-09-21, Male, Lameiras, +351 620 226 0221, NULL
XOZCHV68K86R038P, Emmy, Bainbridge, 1966-07-28, Male, Diekirch, +352 907 968 1654, NULL
MGRSEU59G59E697V, Shandee, Fagan, 1971-08-06, Female, Sumiainen, +358 980 137 3874, NULL
NKSUJD36Q78R573Z, Cecilia, Cronchey, 2004-05-25, Female, Hanušovice, +420 203 414 2856, NULL
LWDTKA38S33N329O, Arnie, Pache, 2005-10-15, Male, Santiago, +63 542 173 2761, NULL
TBJFVR95D93F001G, Yul, Le Maitre, 1988-01-25, Male, Igbeti, +234 857 245 9557, NULL
HWKCRN88T65N219S, Mari, Girardey, 1960-06-14, Female, Jiangjia, +86 951 102 0305, NULL
JDNECY76F31V168Z, Uriel, Cerman, 1987-04-21, Male, President Roxas, +63 171 331 3935, NULL
FIEWXU40Q96Q294Q, Alexina, Crump, 1974-01-18, Female, Mataigou, +86 441 476 7901, NULL
NDPWHM53L77P330L, Brandtr, Simkin, 1934-02-10, Male, Pisan, +62 584 193 8817, NULL
EMYPBZ51I81C499U, Any, Dauby, 1938-11-24, Male, Нераште, +389 442 796 2491, NULL
LRWEOZ33P36O164I, Laurie, Storkes, 2004-04-07, Female, Huangpu, +86 611 984 5387, NULL
FSATPY06W39F882O, Kathryne, Petronis, 2014-05-11, Female, Fengtai, +86 416 618 5001, NULL
KAWENC54Q37Q875F, Viviana, Yuranovev, 2011-09-24, Female, Faraulep, +691 523 605 9334, NULL
SPTIAJ74J42N629K, Corrine, McLellan, 1974-06-14, Female, Kapatagan, +63 702 386 3060, NULL
AEBHWU85G30L635W, Clemens, Coulter, 1979-12-07, Male, Funan Chengguanzhen, +86 664 116 8385, NULL
VLKDZI53E88H297F, Karalee, Vaudin, 1962-02-08, Female, Duang, +62 785 673 8900, NULL
UJYIAL87P77A838Z, Andy, Speight, 1938-10-12, Male, Nawābganj, +880 558 766 6227, NULL
HPAEBV66N23L192Y, Peyton, McAuslene, 1959-11-12, Male, Sabang, +63 476 223 5270, NULL
QLEXNH21I30X551H, Jules, Le Grys, 1948-09-06, Male, Zhongzi, +86 916 100 3358, NULL
CANRGX26K73R148T, Pace, Rickersey, 1992-07-21, Male, Qila Saifullāh, +92 121 625 0663, NULL
HMGLPR54M29N758B, Jeffy, Bursell, 2013-04-09, Male, Chandra, +269 288 880 9828, NULL
LYBFDQ22F72J126W, Kipp, Broz, 1951-10-15, Female, Jutrosin, +48 410 684 4858, NULL
LSKUVI19R85C685C, Lenka, Persitt, 1975-03-09, Female, Łęknica, +48 156 225 1338, NULL
INOQGU84R59U383J, Eldin, Oscroft, 1975-01-31, Male, Mantes-la-Jolie, +33 574 415 5078, NULL
JEILBN11O74C060V, Burr, Pollett, 1986-02-13, Male, Rancharia, +55 214 219 2917, NULL
IQRXCT42U20B667F, Whitaker, Kniveton, 1956-07-06, Male, Tomobe, +81 670 575 0128, NULL
TJVUNG87W28M999C, Jock, Braunter, 1967-11-17, Male, Citambal, +62 670 204 8619, NULL
NBAKGY83P37P909Y, Field, Drohane, 1990-07-06, Male, Blumenau, +55 473 453 0012, NULL
XIKVDW54F12A321F, Son, Claiden, 1948-12-29, Male, Agbani, +234 782 297 7246, NULL
QXSZLG79I10L831U, Jodie, Keeves, 1964-05-25, Male, Selianítika, +30 409 597 0989, NULL
HFDYQE00D05H587C, Bambie, Dennitts, 1943-02-16, Female, Sainte-Anne-des-Plaines, +1 734 433 4116, NULL
VEUNLH31A16A931Y, Anne-marie, Eskriet, 1933-08-11, Female, Makui, +62 637 797 2859, NULL
ZBLQGY51B83Z882C, Daile, Steed, 1938-02-08, Female, Qusar, +994 287 517 6817, NULL
BQRVHG75A60G850A, Whitaker, Tynemouth, 1961-09-27, Male, Fāqūs, +20 238 506 3887, NULL
QGJLTC32I60T939A, Patsy, McDuff, 1937-11-16, Male, Nkoteng, +237 238 269 1417, NULL
MTAPBF99C93Y275G, Gladys, Biddwell, 1985-10-16, Female, Xinwu, +86 199 308 3705, NULL
MHXBVK38V20S119O, Yale, Priscott, 1932-12-23, Male, Constanza, +1 274 368 3923, NULL
XMEQLU05N00T060P, Harmonia, Noddle, 1996-09-07, Female, General José de San Martín, +54 232 539 3287, NULL
LDFERZ94E62P552D, Wallie, Alfonsetti, 1979-06-05, Female, Néma, +222 776 299 2910, NULL
DFGIWP42V77J197R, Brunhilde, Cliburn, 1994-02-06, Female, Tracal, +62 111 989 3784, NULL
IOZKAV17L56Z002Y, Raynard, McKerley, 1935-02-05, Male, Chotepe, +504 722 991 1259, NULL
BUVJNR76U01X306Y, Electra, Sumpner, 1952-01-30, Female, Ningchegu, +86 523 266 6498, NULL
WEJSFT01C42K849R, Lamar, Moggan, 2000-06-01, Male, San Miguel, +52 844 823 3825, NULL
XSBERC04T32T678E, Carolina, Vaines, 1992-08-26, Female, Perjuangan, +62 896 367 4997, NULL
VESMJN32M32U363S, Karlee, Bruntje, 1948-06-11, Female, Celorico de Basto, +351 410 208 7941, NULL
WMCTRD43U45Q165K, Nataniel, Pockett, 1950-11-03, Male, Dasi, +86 731 203 0584, NULL
FOJRMY18H27Q025O, Wendye, De Giovanni, 1989-08-26, Female, Palmito, +57 799 517 8383, NULL
ILFMPQ58Y77M967B, Markus, Phonix, 1958-05-12, Male, Nebug, +7 742 462 4010, NULL
UZTGYE28P56T738Q, Veronike, Mardle, 2003-05-07, Female, Engure, +371 819 608 4029, NULL
XCWOMB41E23D286J, Mathilda, Ballaam, 1940-10-22, Female, Valdivia, +56 277 956 2330, NULL
XDMIFP64G47W208U, Rafael, Eads, 1963-06-27, Male, Magugu, +255 125 272 2124, NULL
KDBGMN07R76U354Y, Idalia, Inwood, 1965-09-26, Female, Washington, +1 202 382 4474, NULL
FJVIYB56H98R771S, Rani, Reide, 1990-02-03, Female, Vermelha, +351 959 592 5601, NULL
KMSLDF27K17T278F, Osgood, Loding, 1989-03-29, Male, Siguinon, +63 745 160 0482, NULL
EGYQVO27B18F359P, Raimund, Lumm, 1947-04-24, Male, Krivaja, +381 941 242 5736, NULL
APOXGK41P29S166Z, Mada, Dagg, 1978-01-01, Female, Cangyou, +86 732 244 7320, NULL
VFUNIH47F49Q426A, Kathleen, Skouling, 2011-10-24, Female, Nesterov, +7 250 171 8252, NULL
PNAQDB56H87H349K, Tudor, Cumberlidge, 1973-06-16, Male, Wichit, +66 956 673 5973, NULL
YPSAWU12Q42U367Q, Patricia, Risbridge, 1958-05-14, Female, Shijia, +86 564 203 6739, NULL
QHXZWA93C87L169D, Magnum, Loyd, 1957-06-08, Male, Julun, +86 848 418 9033, NULL
ENYMUH19X62Q311K, Berkly, Hacking, 1977-04-04, Male, Houxiang, +86 816 102 1416, NULL
TFBUMV63L66R891I, Laina, Cutmare, 1994-12-04, Female, Kisai, +81 927 951 1074, NULL
AMWIJV39A69D780K, Kimble, Weaver, 1996-01-05, Male, Hebei, +86 411 647 2626, NULL
RVEZYW32P02A032G, Federico, Soal, 1960-09-23, Male, Katoro, +255 776 775 7723, NULL
VDYUMO14O24E113U, Patric, Eginton, 1973-09-11, Male, Shanxi, +86 538 323 9121, NULL
JKMVEH45I38J913F, Franni, Blencoe, 1950-01-29, Female, Smiths Falls, +1 600 461 1266, NULL
SXKEBI11A29Y702G, Emmeline, Mangan, 1954-03-21, Female, Patalan, +62 343 706 9380, NULL
TCEAIK83L74Q003B, Alia, Decroix, 2011-10-28, Female, Barda, +994 402 148 1975, NULL
AIDTBR49B55Z197K, Barty, Hasted, 1998-04-16, Male, Dalududalu, +62 397 730 0080, NULL
XYKHOJ83G12F341N, Bo, Oakeby, 1981-02-03, Male, Heredia, +506 377 758 2343, NULL
MBEIHW33H77Q721N, Rodrique, Ainscow, 2012-03-17, Male, Orleans, +55 852 288 7560, NULL
CASUXO89Z32X719G, Leslie, Nesbit, 1985-11-10, Female, Columbus, +1 706 486 1162, NULL
TNXYFW74G32O772D, Elayne, Maith, 1989-10-26, Female, Musashino, +81 461 451 6438, NULL
OXMRYF63A77U380U, Yevette, Kewish, 1989-02-10, Female, San Carlos, +54 403 726 1591, NULL
SFLGWT39O86E487E, Rosalynd, Juanes, 2013-02-22, Female, Cristóbal, +1 587 308 6166, NULL
GBJWPM90T59Z366D, Addy, Gehrels, 1931-01-04, Male, Sebewe, +62 108 939 3770, NULL
KVCLUW09S78Y068H, Winthrop, Chadd, 1947-10-27, Male, Munggang, +62 358 306 1667, NULL
DBWULC22K43D112Z, Valentine, Debney, 1933-11-25, Female, Kongwan, +86 936 888 6268, NULL
KVIGRE76T89E793G, Khalil, Sancraft, 1968-03-11, Male, Waterbury, +1 203 841 4011, NULL
FIQZPU21P77Z853D, Brooke, Godber, 1994-01-26, Female, Ballyboden, +353 765 740 1028, NULL
MNDUOS27Y02S959X, Alan, Lott, 1975-04-16, Male, Pindiga, +234 242 139 7125, NULL
RNLZQF12S05G357W, Fernanda, Valder, 1998-01-01, Female, Enschede, +31 597 369 0191, NULL
LUPZMN68F13T756U, Alana, Silbersak, 1970-10-26, Female, Hatsukaichi, +81 321 266 8798, NULL
QLEKCO28K10R415R, Alfonse, Cuniffe, 1960-11-02, Male, Samajie Ewenkeminzu, +86 266 407 6027, NULL
HVGWXI82J11Z359P, Rebecca, Gillinghams, 1972-01-03, Female, Gzy, +48 843 486 2242, NULL
SDJKOQ47C63V966C, Sammy, Mixon, 1977-08-13, Female, Lisakovsk, +7 241 179 4887, NULL
ZUTJHM75H33G869C, Storm, Whiten, 1934-07-15, Female, Baoji, +86 787 303 5193, NULL
FEQXCU83Q44E539B, Sheila-kathryn, Szapiro, 2009-08-04, Female, Huanglong, +86 645 430 9482, NULL
ZLUVWI37X58V326T, Tudor, Chaffe, 1954-05-16, Male, Dalu, +86 708 124 8664, NULL
TJNMKB50C53X772U, Danice, Millhouse, 2006-01-11, Female, Enköping, +46 286 795 5493, NULL
HRFPWV54T98A627S, Chelsae, Halt, 2001-06-30, Female, Shanxia, +86 403 843 2591, NULL
PZVTOL15M86E702T, Wolfy, Custance, 1972-09-11, Male, Xue’an, +86 766 796 0403, NULL
BPOTNV32E40X936J, Clay, Medcraft, 1966-12-15, Male, Shawan, +86 384 774 5838, NULL
LXJWZV27O22J675M, Torry, Rodda, 1949-04-10, Male, Järna, +46 378 905 8247, NULL
BZILUM57B48Z098T, Carlita, Chapier, 1991-07-26, Female, Lujiao, +86 357 881 8208, NULL
CFTNOQ70C36V420X, Kiersten, Oxberry, 1998-09-18, Female, Meilong, +86 600 312 1380, NULL
DFSPZH03A39R603S, Jules, Canner, 1938-01-23, Male, Huilong, +86 725 935 9083, NULL
WMGBNS57F16P892P, Fulton, Tomaschke, 1996-03-14, Male, Vila Velha, +55 234 792 4344, NULL
JCKBYR12Y91K942Z, Adela, Auld, 1932-09-09, Female, Agoncillo, +63 780 574 9590, NULL
XOIUPD33Q23P132O, Corri, Lassetter, 1935-09-10, Female, Villefontaine, +33 705 444 5593, NULL
LMETUJ19R79S821S, Brynn, Zanardii, 1936-09-20, Female, Bulnes, +56 694 682 7577, NULL
FOGVCS89O86U688N, Marcela, Hovenden, 2009-11-21, Female, Santa Clara, +52 201 251 1296, NULL
TUQCZV89B50Q165H, Noel, Spaunton, 1986-04-09, Male, Zhoutie, +86 637 671 2326, NULL
RXZPGN95I22L219W, Yvon, ODoghesty, 1936-04-01, Male, Winnica, +48 844 916 8173, NULL
FTLPOV04G13U616R, Ailis, Blinkhorn, 1975-04-02, Female, Jobabo, +53 731 900 0175, NULL
WCDZSO09U53M121W, Tiffie, Vise, 1951-06-21, Female, Týnec, +420 677 438 3634, NULL
ZAYNES47A77G132X, Nickey, Machel, 1952-11-12, Male, Hannō, +81 623 557 2877, NULL
VHCINS02C15Z065F, Libby, Anstie, 1948-05-16, Female, Sapareva Banya, +359 992 496 8060, NULL
OSQLGW33A16F765W, Corbie, Vicent, 1954-08-30, Male, A dos Cunhados, +351 285 988 4139, NULL
FAYOVX48K15N864J, Isacco, Cherrison, 2008-05-15, Male, Greeley, +1 970 423 4030, NULL
XSMEHR86D79A145Q, Clary, Synan, 1957-08-05, Female, Wakaseko, +62 303 839 5202, NULL
WJZMTK12S23I352Z, Aldrich, OCorhane, 1949-09-03, Male, Czarnocin, +48 924 987 1830, NULL
FGNBEK23T54P406S, Madeleine, Hince, 1945-01-26, Female, Mairiporã, +55 982 964 4795, NULL
NWVRGY25Q85P527M, Bren, Muff, 2003-10-08, Male, Suzano, +55 488 935 6840, NULL
FHWYMJ62K62Z874A, Nollie, Rawne, 1940-12-20, Female, Razan, +98 903 589 3504, NULL
ODJTMR63X43R220X, Parrnell, Simanenko, 1977-08-20, Male, Fengjiang, +86 940 529 0075, NULL
SJZPVE83H07H715U, Nataniel, Mottinelli, 2008-06-29, Male, Santa Apolonia, +502 935 259 8201, NULL
SPCIXN43U94G103T, Viki, Laughtisse, 1973-05-14, Female, Metallostroy, +7 538 256 2082, NULL
XZCNMY92F82S615D, Cordy, Atcherley, 1988-05-16, Male, Tsagaan-Olom, +976 614 278 9295, NULL
OXJWCQ88H28K623S, Madelena, Phillpot, 1972-07-08, Female, Créteil, +33 626 288 4535, NULL
KOLEUJ34O71S969M, Loutitia, Varns, 2013-03-11, Female, Narukan, +62 184 462 2472, NULL
ONQPFS98T88Q377I, Eziechiele, Connikie, 2010-09-22, Male, Chengxiang, +86 173 842 9950, NULL
WQOEXN93T31R692H, Laurens, Lanbertoni, 1932-07-12, Male, Itaqui, +55 816 362 1031, NULL
SYOUJC29R01J823T, Fiona, Toor, 1978-04-05, Female, Sumberejo, +62 138 229 9404, NULL
ZJSEBK94G08X503D, Linc, Urry, 1997-05-03, Male, Yaodu, +86 665 511 5360, NULL
WYAVQG38V23S380L, Muffin, Mound, 1981-10-27, Female, Yangfeng, +86 420 809 3077, NULL
FSWYOM70F60X175U, Dyane, Feaver, 1998-04-28, Female, Hulyaypole, +380 374 159 9503, NULL
IOCMPG58V78Q095X, Scarlett, Leadstone, 2005-10-15, Female, Bornu Yassu, +234 842 279 6284, NULL
KBQCJO62I71N068H, Emmie, Iacomi, 1983-12-06, Female, Wukang, +86 352 926 1098, NULL
KXBTFC73M86F245E, Kori, Rennles, 1950-05-11, Female, Baishui, +86 517 572 6802, NULL
ENVMYP32G51E267B, Caressa, Patry, 1937-02-28, Female, Sîngerei, +373 459 305 6380, NULL
PMDGSL18A52Q558D, Pierson, Motherwell, 2009-12-13, Male, Jamao al Norte, +1 439 531 2508, NULL
BRGPFK60C34B764X, Ethelred, Tarpey, 1960-11-13, Male, Doksy, +420 272 839 4192, NULL
DSKZMX12H60W819U, Kariotta, Fullagar, 2005-05-10, Female, Pangani, +255 276 241 9685, NULL
SHLGOM67N43O557F, Yardley, Letty, 1993-04-23, Male, Dzyatlava, +375 596 471 5757, NULL
OJYZRP70C78U719I, Laird, Revans, 1934-08-24, Male, Stenungsund, +46 576 561 1301, NULL
ZTYOVP64G28W555K, Westbrook, Trewett, 1934-03-18, Male, Houmen, +86 803 195 9490, NULL
LKBQUI64A88O492W, Krystyna, Benedidick, 1953-08-30, Female, Rahayu Dua, +62 234 208 9834, NULL
NXDUEW17F78D720E, Bartholomew, Edwin, 1968-04-26, Male, Charlottenberg, +46 544 102 4195, NULL
YWOZBH52X64Y581T, Jaimie, Viall, 1970-06-05, Male, Tayāsīr, +970 270 544 2674, NULL
PAIDLS52C61X408F, Etty, Spurnier, 1983-12-08, Female, Zea, +58 719 903 6126, NULL
ZAXVYR18F30D537I, Florie, Cussins, 2009-09-04, Female, Pīr jo Goth, +92 122 239 5985, NULL
TYGOIL74R83G442N, Olympia, Thrasher, 2009-02-18, Female, Metz, +33 158 797 6891, NULL
YUINAE31X87Q799A, Basia, Caldwall, 1966-03-06, Female, RMI Capitol, +692 768 289 3355, NULL
EVPXWR96Z94I013D, Raychel, Toun, 1977-07-22, Female, Puncaktugu, +62 628 684 5364, NULL
JTMXDH76C73Z544S, Delmer, Mammatt, 2006-06-29, Male, Boé, +33 984 773 2737, NULL
HCRJAN80H16R884R, Aluino, Millan, 1989-03-15, Male, Panguna, +675 853 345 9159, NULL
HJRGDX93H13R819G, Andra, Endrizzi, 1943-03-05, Female, Belogorskīy, +7 501 131 6205, NULL
EXHSAZ30G78U274W, Earl, Laval, 1963-08-03, Male, Weepanapi, +62 666 656 8199, NULL
UNWYXV01D72N305O, Gleda, Lohmeyer, 1984-05-14, Female, Berëza, +7 885 881 9670, NULL
ACDVGP66I98E584G, Boothe, Lambertson, 1950-05-04, Male, Hayes, +1 506 182 2528, NULL
QCOGME66P40M726U, Annmarie, Patrie, 1964-03-11, Female, Ngô Đồng, +84 215 853 1226, NULL
BHIDTQ63I48Z572T, Carolin, Lovel, 1973-08-16, Female, Pervomayskoye, +7 764 713 9507, NULL
TBHJSA39M92T472M, Avram, Ricketts, 1962-11-21, Male, Mulyoagung, +62 581 402 4663, NULL
BLYKDF33N52Z119P, Duky, Baroche, 1965-05-01, Male, Bulog, +63 714 273 8393, NULL
RCIBFS18K63E808K, Anabella, Spiring, 1970-10-09, Female, Студеничани, +389 314 808 6678, NULL
TJSEFY99H76J796B, Ilaire, Peaseman, 1997-09-20, Male, Jianping, +86 740 581 1493, NULL
PVBIQA86F76C620D, Hart, Luberti, 2000-01-21, Male, Vallecillo, +504 806 376 4161, NULL
LBYXIU77A90L310H, Katti, Graddon, 2015-06-10, Female, Depapre, +62 437 809 0752, NULL
WPILFR29T54O615L, Janela, Woollhead, 1994-06-01, Female, Horní Bečva, +420 790 511 9051, NULL
JDNRHY16H81C617Z, Vincents, Riping, 1946-05-19, Male, Poręba Spytkowska, +48 368 331 9141, NULL
AVDYQU02N77G846V, Derby, Daltry, 1936-02-29, Male, Burunday, +7 470 647 5997, NULL
OUIZKE02V98G556U, Caroljean, Astles, 2007-06-20, Female, Escola, +351 307 735 8851, NULL
VLXTDQ54U83X485C, Kristoforo, Tarbath, 1940-01-16, Male, Klagen, +62 900 577 6590, NULL
VXEDAZ41A51L992V, Thibaud, Seville, 1937-05-19, Male, Valenciennes, +33 124 482 6133, NULL
EKWCSD09O45I929V, Adelle, Micklem, 2008-06-21, Female, Chastyye, +7 245 214 3503, NULL
RAYPBZ50F51U538M, Krista, Halsey, 1980-04-16, Female, Ramada, +351 953 901 1737, NULL
RYTUVQ11L17R384B, Marcie, Merrill, 1949-08-08, Female, Sadabe, +261 368 751 2160, NULL
SPTQYJ41D16I607D, Gabriello, Bauer, 1953-08-04, Male, Asker, +47 190 170 1497, NULL
ITDNAB64S60X196O, Shanta, Delleschi, 1932-04-05, Female, Sułów, +48 727 182 9236, NULL
MVBWTZ83M52S446S, Hadria, Buckenhill, 1982-01-08, Female, Septfontaines, +352 313 313 8601, NULL
KBEVOI06J69D595W, Benoite, Tubble, 1950-09-06, Female, Ishikawa, +81 821 676 2492, NULL
CZSNEY47D98P000C, Godart, Forrestall, 2011-05-19, Male, Wuli, +86 798 262 3834, NULL
YXMZGB52G84B520Z, Liliane, Brownsword, 1971-01-20, Female, Lions Bay, +1 219 118 0937, NULL
DHGRYQ27G47P906F, Claudina, Doeg, 1940-03-24, Female, Kongolo, +242 494 165 6896, NULL
FMKGXS19U90L222N, Gilberto, Georgeot, 1994-10-25, Male, Miłakowo, +48 915 124 5525, NULL
RQPHCN02A17T222G, Walden, Gurrado, 1935-02-28, Male, Yanqi, +86 540 805 9473, NULL
GXQNES73B38B466T, Dorie, Quiney, 2004-09-22, Female, Sukaraja, +62 632 538 6125, NULL
TDKRQW53V73U903T, Merrel, Heinonen, 1979-10-20, Male, Tortosa, +63 689 500 6188, NULL
BSKERO17D29R693Y, Archy, McKeand, 2014-02-07, Male, Waegwan, +82 969 959 0035, NULL
QROTSB26L91R052C, Meir, Yerrall, 1931-04-16, Male, Otuzco, +51 757 265 4157, NULL
FTQVGK72K94D771X, Katine, Naulls, 1975-10-02, Female, Huddinge, +46 171 567 7899, NULL
TNPBOM10Q79K197G, Christal, Jewar, 1972-07-25, Female, Tuojiang, +86 362 574 7055, NULL
VPSUEL83A70D414X, Danie, Rehme, 1979-06-30, Male, Clermont-Ferrand, +33 752 993 9473, NULL
QNSJXA28A44N522F, Abrahan, Winterbottom, 1936-01-07, Male, Xieshui, +86 568 807 2532, NULL
VZOPHK78D24Y290B, Gerhard, Novik, 1970-11-05, Male, Penanggal, +62 413 822 7131, NULL
FONWCZ19K71A511H, Ajay, Ormrod, 1934-03-14, Female, Bowang, +86 388 777 8606, NULL
LQVYPM84O75Y224W, Arlana, Aggiss, 1939-02-23, Female, Rehoboth, +264 902 532 0044, NULL
ERHALN61C93I347K, Ronnica, Floyd, 2013-05-29, Female, Радолишта, +389 250 824 4628, NULL
CFMLOJ45Y79C103R, Deck, Gledhill, 1983-04-11, Male, Luján de Cuyo, +54 809 564 4798, NULL
DANYCE01Z31N873P, Lyndy, Maymond, 2013-02-06, Female, Singojuruh, +62 115 100 1254, NULL
SOMUVF31X14R318W, Jessey, Sworne, 2001-06-11, Male, Ebene, +230 124 291 6958, NULL
UQWLTG04R01O377N, Glori, de Leon, 1950-11-01, Female, Tigarunggu, +62 969 193 2506, NULL
EGLYXC65L27Y395O, Demott, Gabbett, 1995-09-17, Male, Valencia, +34 647 603 1548, NULL
YARBEZ47T95P186Q, Maxy, Thomasset, 1975-11-13, Male, Shisui, +81 376 642 6541, NULL
MYGKWF10C19O722R, Dean, Sickling, 1982-12-14, Male, Xiaozhang, +86 190 252 0372, NULL
TUPMDO73R49Y065L, Cord, Schafer, 1998-02-03, Male, Figueira Castelo Rodrigo, +351 706 888 3420, NULL
RWLIKZ60K34N164R, Bernardo, Korf, 1982-03-10, Male, Liverpool, +44 506 871 5612, NULL
XRVWFZ67W96Q427N, Nap, Anderer, 1938-05-06, Male, Krasnyy Oktyabr’, +7 438 310 0707, NULL
FNIWPY62L36R186Y, Rudy, Kinneally, 2009-05-19, Male, Skórzec, +48 378 376 2810, NULL
TNJZCY08V16H070O, Fletch, Fussey, 1947-07-05, Male, Svetlyy, +7 652 955 2762, NULL
JACQGX04E46A898G, Kirsti, Backson, 1984-12-31, Female, Nūbā, +970 231 712 3085, NULL
EXYQCT91O20L320Y, Ulises, Maddison, 1959-09-07, Male, Fengqiao, +86 248 768 0120, NULL
YDOVFJ45E09I304T, Chrissy, Murrow, 1989-03-11, Male, Ogawa, +81 977 522 8451, NULL
KJFHOQ28T66M149W, Costanza, Wapol, 1963-03-20, Female, Jincheng, +86 472 396 7744, NULL
CQIPOU12D09A193P, Erin, Tease, 1939-09-13, Male, Diónysos, +30 816 601 8073, NULL
ENJSQY63U71T449H, Evelina, Husset, 2011-03-20, Female, Hamanoichi, +81 197 921 0034, NULL
ZJCBRU59L41I163B, Hamel, Jeckell, 1995-01-10, Male, Tignapalan, +63 697 681 0388, NULL
QRXSPV57U05Q133U, Perkin, McBeith, 2007-09-22, Male, Benito Juarez, +52 258 115 9815, NULL
SRDFZW38D28Q893Q, Drud, Knapp, 1997-12-12, Male, Naberezhnyye Chelny, +7 482 588 6643, NULL
FRZUQW00Y38X056P, Cherin, Maw, 1974-04-28, Female, Valsamáta, +30 307 585 6874, NULL
IMLURN25C84R073D, Zonda, Woodings, 1979-08-27, Female, Huxi, +86 328 766 3837, NULL
QJTZVU06I69A262C, Hadleigh, Noden, 2001-10-31, Male, Sadao, +66 409 615 2032, NULL
XETUGQ10M42T486R, Carmine, Dearnly, 1995-09-26, Female, Fengkou, +86 971 174 9254, NULL
KOHSTA78G30R208N, Meris, McGurgan, 1940-09-07, Female, Karpokhórion, +30 356 722 9758, NULL
VBMRTW70O81A310A, Aimil, Hargey, 1950-06-28, Female, Vilar do Monte, +351 635 706 0355, NULL
EBRLQP18G94U405Z, Towney, Vlies, 1985-07-03, Male, San Vicente, +63 381 164 9220, NULL
PYQZKU24R65U804V, Henrik, Kinleyside, 1964-01-01, Male, Saint-Brieuc, +33 722 573 0125, NULL
ASMINW42A07K931R, Shirlene, Brissard, 1993-06-07, Female, Massy, +33 392 657 2206, NULL
UEXSBT49O78Q579C, Conny, Wolton, 2004-10-16, Female, Návsí u Jablunkova, +420 290 928 0303, NULL
XQBUFO54O14C368A, Wendy, Cortnay, 1992-11-12, Female, Mihara, +81 254 262 5855, NULL
HKADTW16M01I326Q, Ernie, Cockayne, 1943-05-09, Male, Tamatam, +691 184 955 1370, NULL
CYDEXZ61D42S872U, Arlen, Rival, 1935-11-24, Female, Kurmanayevka, +7 539 709 4676, NULL
OMLBTW81H45W375H, Lanie, Bock, 1950-09-02, Female, Matelândia, +55 404 654 7220, NULL
AOFPJM31Y60Z080L, Ardelle, Angrick, 1936-10-26, Female, Żurowa, +48 264 431 2956, NULL
KVGFRO78I91E956E, Timi, Yaldren, 1998-09-12, Female, Chumen, +86 936 868 5723, NULL
HYGQSV94C68B369J, Roxane, Tozer, 1957-10-21, Female, San Antonio, +1 210 249 0490, NULL
QJBGTK22N15V892N, Xenos, Charnick, 1988-07-30, Male, Usulután, +503 782 603 1941, NULL
VXBFMO85C46B819Q, Carey, Ducastel, 1937-11-07, Male, Salogon, +63 899 203 4202, NULL
WGQVBU59C01C146M, Lind, Hanvey, 1936-04-13, Male, Makurdi, +234 846 209 0985, NULL
BZCDYQ12D50I704V, Fleurette, Monard, 1949-08-27, Female, Lamadong, +62 502 905 6534, NULL
DPVWJE51K69O921L, Bethanne, Tebbe, 1944-09-10, Female, Zhanbei, +86 987 923 4502, NULL
EIDSHX75C76M346L, Raffaello, Deeves, 2006-02-07, Male, Calle Blancos, +506 131 562 8381, NULL
GKZFSL12O20Y068O, Marlon, Gutcher, 1947-05-19, Male, Longsheng, +86 833 482 2069, NULL
LNHGJP83P13Z964O, Allayne, Ianizzi, 1964-03-18, Male, Haeju, +850 836 329 2778, NULL
SPQDKM84G23O436N, Celestyn, Russi, 1948-07-17, Female, Carepa, +57 102 815 7173, NULL
TPAQYM03C65D371X, Finley, Bramwich, 2014-07-05, Male, Longguang, +86 243 677 3790, NULL
TGLXQJ93K19N386Y, Stanwood, Kerfoot, 1973-12-16, Male, Saint Paul, +1 651 487 1496, NULL
NZIPMB90L69N345G, Morgen, Blaxland, 1944-03-27, Female, Dongtang, +86 684 218 0224, NULL
KSRBXW08Y77P091O, Pavla, Bointon, 1932-07-31, Female, Wang Nam Yen, +66 613 374 5703, NULL
VBTJMO96M07V701U, Lammond, Dilgarno, 1957-02-26, Male, Dijon, +33 232 807 7151, NULL
VKNZRW36Z67H307E, Garold, Brazelton, 1960-03-21, Male, Bordeaux, +33 927 213 0787, NULL
LNVXAS90G92G181R, Jocko, Didball, 1992-05-14, Male, Chancay, +51 945 654 9050, NULL
GOQWXB96D28D211F, Tulley, Fernan, 1981-07-23, Male, Mehtar Lām, +93 757 366 7746, NULL
OVWILR85D46Y089P, Silas, Earie, 1950-01-05, Male, Veinticinco de Mayo, +54 883 402 3259, NULL
IYAEPN15Y70W258Z, Hollyanne, Coltan, 1971-06-04, Female, Turar Ryskulov, +7 769 916 5541, NULL
FYLQTW17E31C743E, Annabel, Gozney, 1945-11-04, Female, Batanovtsi, +359 145 641 3680, NULL
DUBIWV84E09D411R, Alain, Glanville, 1944-01-23, Male, Machang, +86 219 837 7054, NULL
PWYSMN76W73A266I, Ailyn, Mayfield, 1983-12-13, Female, Kuncen, +62 542 994 9165, NULL
XJGUCQ27A95L202V, Hetty, Geard, 2014-08-24, Female, Rubiataba, +55 906 902 2829, NULL
JXIWKU87S71V920P, Grier, Hassard, 1986-10-03, Female, Huskvarna, +46 410 738 6432, NULL
DGUBJF12W96U221I, Morry, Whitely, 1963-07-01, Male, Varginha, +55 702 408 1272, NULL
JUQISP93C31M771Z, Isadore, Ferneley, 1938-06-05, Male, Sihe, +86 678 397 0421, NULL
VNFMKY18G12T028J, Gun, Moorcraft, 1941-11-06, Male, Burgersfort, +27 250 216 5453, NULL
MJKSXL17O52M016M, Julius, Canizares, 2013-10-17, Male, Cijengkol, +62 738 748 6428, NULL
IZMWDB44J33B319Y, Gerladina, Liebmann, 1981-08-26, Female, Liverpool, +44 821 718 4282, NULL
GLUMZX76W74N650X, Dolorita, Freed, 1969-07-08, Female, Rouen, +33 763 828 2631, NULL
DVIHEB54M26L129E, Garner, Tansley, 1967-01-05, Male, Kukulu, +62 325 377 0604, NULL
VUFGBI32N37Q754K, Arny, Balam, 1993-05-31, Male, Siva, +7 211 392 4189, NULL
DWFVJZ63K60D451Y, Kai, Daniele, 1990-08-04, Female, Erdaocha, +86 214 560 3118, NULL
XHKSVW21Y74Z328P, Christabella, Eborall, 1965-02-21, Female, Osogbo, +234 949 954 1723, NULL
PEGQDN67N64F814O, Rey, Scandroot, 2008-03-07, Male, Shangying, +86 674 353 3873, NULL
HVMSPZ43H14A041E, Tobi, Jakubowski, 1975-12-19, Female, Sangesi, +86 247 149 9930, NULL
YGRAVJ38A39K830D, Abbie, Blackall, 1988-04-27, Female, Longhuashan, +86 783 282 7633, NULL
UFASHK22Y94T774H, Curt, Raison, 1984-03-13, Male, Brocēni, +371 451 265 7693, NULL
ROKVXD14V46O452P, Rourke, Bound, 1947-05-26, Male, Qianying, +86 673 777 8904, NULL
RWVNCF13O18M587L, Maurie, Armstead, 1953-08-24, Male, Miramar, +54 831 463 5087, NULL
GJBFOW97A33M705E, Dallas, Itzkowicz, 1986-02-27, Female, Shahumyan, +374 248 921 5088, NULL
RIKPLE15I20Y830Q, Adam, Tzarkov, 2005-01-18, Male, Huancapi, +51 659 909 1893, NULL
JIHFLG06R97B343B, Jamie, Bodd, 2000-06-07, Female, Kuttu, +691 859 139 6665, NULL
ZWHJUO69P96D412S, Rhiamon, Darke, 1946-04-27, Female, Santisimo Rosario, +63 220 320 0306, NULL
USXBIG76J71J852U, Buddy, Mundle, 1982-05-16, Male, Jeblog Satu, +62 128 981 0921, NULL
EVAQGP48I54B745S, Corrianne, Buckenham, 1944-06-22, Female, Margate, +27 556 148 0231, NULL
HFBJVW60B38M506D, Patience, Wimpey, 2014-12-11, Female, Tentúgal, +351 415 997 1137, NULL
DGQCVO27I12J561F, Curtis, Thowes, 1930-08-18, Male, Kampong Chhnang, +855 728 575 7979, NULL
MDOPXV88V98S468P, Rudie, Bruhke, 1998-03-24, Male, Bakungan, +62 808 640 9337, NULL
GVOPFZ08F93N853A, Lacee, Bartoszewicz, 1952-05-19, Female, Vân Canh, +84 426 914 2813, NULL
NFWGKZ71P37E926A, Tiffie, Caplis, 1944-06-28, Female, Tysmenytsya, +380 444 676 2262, NULL
IYQOFN08C45F758V, Jonis, Tuny, 1986-04-20, Female, Comendador, +1 157 504 4541, NULL
JAHQBZ69M11L643Y, Bartel, Agnolo, 1933-03-25, Male, Gryaznovskoye, +7 415 542 8074, NULL
CHNXER70V27Q142U, Rolfe, Stummeyer, 1964-01-14, Male, Tseel, +976 333 935 1105, NULL
IJAXZM48Y84L304F, Eugen, Bramsen, 1962-03-01, Male, Gardēz, +93 719 883 2697, NULL
WFGAQT62S33G770T, Lurette, Huge, 1953-03-16, Female, Soa, +62 368 580 8179, NULL
HKFALV38Q68H263I, Matty, Rust, 1995-11-18, Female, Shagamu, +234 905 100 5389, NULL
OCRBYS33P33U152D, Belita, Bragginton, 1993-11-21, Female, Queimados, +55 503 612 0481, NULL
YOTMWB63N49C295M, Ravi, Mackneis, 2013-03-11, Male, Magepanda, +62 711 131 8289, NULL
RLXHPI41W94K173T, Sabra, Bilbee, 1933-09-21, Female, Abakan, +7 161 649 6126, NULL
EGVWYR36B77Z453T, Jon, Kemble, 1952-01-15, Male, Duozhu, +86 875 456 4910, NULL
XPQLMC61Q57K693G, Arluene, Keohane, 1986-10-03, Female, Bogorodsk, +7 358 865 5997, NULL
LEWOFQ27A13N151P, Normand, Imlen, 2002-11-15, Male, Stockholm, +46 102 907 7438, NULL
QEMDLZ43U09I707H, Lorine, Tregonna, 1938-08-09, Female, Fuji, +81 874 693 0734, NULL
KZOWHT46V02W627I, Poul, Eshmade, 1991-05-05, Male, Ujazd, +48 803 920 3789, NULL
FQYMJK67G64K979R, Britt, Barradell, 2010-02-07, Male, Pristen’, +7 463 110 7185, NULL
QBGTSW62M80R238A, Eyde, Feehely, 1946-03-09, Female, Nahrīn, +93 119 858 5211, NULL
KXQSFP12G70I216U, Marcelle, Isley, 1984-08-13, Female, Trąbki Wielkie, +48 543 649 1577, NULL
IGFJVD82M79V426J, Mathe, Fawson, 1961-05-05, Male, Kuttu, +691 711 806 9886, NULL
YRDCWP82R23V761N, Lawrence, Cicchitello, 1991-09-29, Male, Lloque, +51 940 823 5054, NULL
EQHGMD60N12F295U, Hyatt, Sibthorp, 1992-03-24, Male, Kanbula, +86 670 823 8002, NULL
JLMBWV68L00D734U, Irina, Drewe, 1971-09-27, Female, Goma, +242 465 882 8855, NULL
FEDYHK66S66B740L, Von, Espinal, 1932-01-09, Male, Lian’an, +86 863 755 7076, NULL
VXUFCI70Z98R520F, Morgana, Kyteley, 1992-10-27, Female, Sundbyberg, +46 634 158 5247, NULL
SQOTVH04Z04Q565O, Martica, Opfer, 1979-01-27, Female, Jedlnia-Letnisko, +48 138 995 8941, NULL
LGHTUX36N80V497R, Cordula, Barneville, 1991-11-14, Female, Nepeña, +51 867 521 6466, NULL
HJEYNQ22W79L359Z, Maura, Jerschke, 1984-11-25, Female, Hacıqabul, +994 664 331 8567, NULL
CPWAEH39L84Q389V, Wald, Bolsteridge, 1964-02-26, Male, Villa Cañás, +54 244 347 1042, NULL
JSCNAB78Z02X323Q, Stacia, Muldrew, 1981-03-09, Female, Jinlong, +86 747 658 8323, NULL
WGHSAM42Q58L483F, Kimmi, Hachard, 1945-06-19, Female, Boynton Beach, +1 561 186 9204, NULL
KMCSQH94T91V191H, Corly, Folliott, 1968-02-08, Female, Xuyong, +86 570 552 5674, NULL
JCVDRW75Q56M261C, Lynne, Bole, 1997-12-06, Female, Tuqiao, +86 417 369 2455, NULL
IQVTJS80J32G619W, Grete, Butchers, 1975-06-03, Female, Los Angeles, +1 213 831 2668, NULL
TUFCXK04A66T107F, Peri, Girdler, 1957-05-08, Female, Kalunan, +62 381 381 8842, NULL
OSTZFW00T68W529D, Lezlie, Essery, 1985-06-06, Female, Chengdong, +86 737 339 0520, NULL
LJFAUR81N07X472A, Baillie, Mews, 1975-03-20, Male, Linköping, +46 964 492 8146, NULL
XEUCOR09S19V969P, Portia, Gravenell, 1962-02-12, Female, Terra Chã, +351 693 474 0909, NULL
GZTMIN35E38B101F, Mandel, Greenacre, 1977-11-26, Male, Tyresö, +46 650 575 0846, NULL
RLBIKF10O26W814T, Clarice, Yeldham, 1996-10-04, Female, Tarlac City, +63 292 613 8374, NULL
OWDKCJ59O88C904Z, Chadwick, Brideoke, 1931-12-28, Male, ‘Arīqah, +963 708 186 0752, NULL
AXWFTG04B09G876H, Neda, Chansonnau, 1990-08-12, Female, Mrgavan, +374 227 651 7205, NULL
HKFBMS37F93T472B, Carmen, Simionato, 1995-10-01, Female, Bandar-e Māhshahr, +98 148 796 7403, NULL
UBLFOY28F22Z302A, Nerty, Disney, 1944-06-18, Female, Donglai, +86 847 966 6651, NULL
NDAZBF22Q17W190V, Pip, Fulloway, 1954-07-03, Male, Huxu, +86 100 703 9251, NULL
RESKMW77N58L655T, Lanie, Cockcroft, 2009-12-13, Female, Meipu, +86 682 465 7579, NULL
FCKGBZ88K98E281M, Devlen, Birdwistle, 1969-12-20, Male, São Lourenço, +55 206 692 6478, NULL
ZABIRC42C48W649X, Wally, Scutching, 1947-04-16, Female, Qarah Bāgh Bāzār, +93 693 568 8117, NULL
EGOTMX13S01C745Y, Sybyl, Bartolomeu, 1993-09-30, Female, Banyue, +86 579 933 3901, NULL
DOHLYC06J63K754D, Harli, Clougher, 1944-05-07, Female, Pergan, +62 899 467 7236, NULL
AFIJMB23K80P395P, Ethel, Wickman, 2004-11-22, Female, Omoku, +234 125 528 6304, NULL
ENRSBC53K64B697A, Melvyn, Meineck, 1967-04-01, Male, Lishu, +86 678 540 2619, NULL
KLFZOP42E67X245G, Starr, Critchley, 1941-09-28, Female, Baton Rouge, +1 225 768 4613, NULL
VQGBOT62I38I593I, Vannie, Pert, 1947-06-13, Female, Kansas City, +1 816 609 6287, NULL
WMAKSH56H81Q473J, Humbert, Yurshev, 1936-01-28, Male, Sumqayıt, +994 225 337 8424, NULL
RCGJZT61W00Z853H, Cecilla, Rudolf, 1938-04-29, Female, Sidi Bouzid, +216 219 194 0213, NULL
RFXCGK14U60A418M, Ban, Digg, 1963-01-24, Male, Bamban, +62 232 815 3900, NULL
QZOFGX62D74K791P, Reta, Knappitt, 1932-07-08, Female, Sukasari, +62 580 603 0630, NULL
JUCXGK09Y88W682A, Romola, Augustin, 1988-04-15, Female, Charneca da Cotovia, +351 822 607 1967, NULL
IFKDMW79D18R789Y, Cherey, Stansbury, 1977-12-06, Female, Pandak, +62 523 774 1346, NULL
YKNEVR64G03N413T, Isa, Van den Dael, 1947-07-06, Male, Tantu, +86 762 727 4599, NULL
BHYJZV22T12D703Y, Trent, Tinto, 1943-01-04, Male, Rukungiri, +256 956 293 5014, NULL
JCOUZT30Z65G349R, Broderic, Hackin, 1964-01-23, Male, Liuzhuang, +86 455 127 6040, NULL
BONFPW19T86N637S, Pietrek, Fernie, 1958-10-09, Male, Örebro, +46 193 743 1650, NULL
ZLMICG57A64R872Q, Georgia, Ellerington, 1955-06-03, Female, Pak Kret, +66 183 905 5043, NULL
OSTUEF28R30D283Q, Magdalen, Hallyburton, 1998-10-15, Female, El Copey, +57 518 863 8356, NULL
RTCGEO98S00M104N, Redford, Houchin, 1996-11-09, Male, Batarasa, +63 714 563 2533, NULL
PVACQH58V14L921H, Reagen, Klimentov, 1934-04-20, Male, Baishi, +86 597 949 0972, NULL
LBCMFA44S41F581O, Kimberley, Castellaccio, 1941-11-02, Female, Niedrzwica Duża, +48 882 861 6417, NULL
FDQXOG90M24H975I, Brenden, Flounders, 1943-03-10, Male, Kastornoye, +7 294 445 9819, NULL
SJALXE00I58W739K, Clarette, Foad, 1992-03-20, Female, Pamarayan, +62 361 626 5461, NULL
XEVMYW22M56U038Y, Charity, Howsden, 1941-08-21, Female, Ōyama, +81 869 308 8723, NULL
RHBVCK26Q57Q260X, Aldridge, Sesser, 1943-07-16, Male, Huangzhuang, +86 833 501 0472, NULL
HKDGOJ90W90S413F, Basilius, Tatham, 1940-08-18, Male, Baoxing, +86 589 909 0051, NULL
JBCIAD66K57P806I, Audy, Lazenby, 1933-08-02, Female, Ndano, +62 822 516 3508, NULL
XOVRJM27V28U102U, Maury, Patemore, 1950-07-22, Male, Bitobe, +62 490 816 6484, NULL
WOBYXV78A15I011X, Kaiser, Sheerin, 1979-04-24, Male, Mlawat, +62 321 368 6811, NULL
KYZVWH58K65O555X, Mirna, OReilly, 1963-09-26, Female, La Libertad, +505 541 213 0910, NULL
UOQPCV22C18Q453F, Blakeley, Tschirschky, 1980-02-29, Female, Raczki, +48 563 158 6838, NULL
YEDTVZ42Y89W415N, Manfred, Prott, 1936-08-24, Male, Turpo, +51 901 666 3986, NULL
MCISWA75Y20D598V, Octavius, Coslitt, 1962-01-31, Male, Naukot, +92 358 304 2415, NULL
MDVNTU90T24Z874J, Siobhan, Rosenkrantz, 1987-02-23, Female, Oslo, +47 283 762 1027, NULL
GORQYE18W74H561V, Karlotta, Barbara, 1935-11-17, Female, Bantiran, +62 741 199 2217, NULL
KGBYUH24Z83D929E, Scot, Clandillon, 1985-04-16, Male, Al Midyah, +970 368 656 9132, NULL
EUQYCT91H32D692P, Lyssa, Bilston, 1979-11-21, Female, Vilhena, +55 110 971 1824, NULL
CTHXYR87Z39M418S, Dottie, Henrichsen, 1966-07-09, Female, Sulūq, +218 709 185 4242, NULL
WYUFLX58M57N308U, Carmita, Alexsandrev, 1962-10-09, Female, Bagiktinggang, +62 630 786 0117, NULL
ISCWHF36P36U051T, Lenard, Hucke, 1942-07-12, Male, Alurbulu, +62 811 377 2730, NULL
ECIXDM82G60O776Z, Billi, MacDowal, 1978-05-31, Female, Drien Rampak, +62 476 527 5348, NULL
ZCIRYD84M50H691R, Wilona, Bellanger, 1992-07-29, Female, Dimbokro, +225 823 331 2929, NULL
HFQYAK97V73V912P, Markos, Pattingson, 1953-07-21, Male, Baihua, +86 668 923 8573, NULL
TQRLOK56Y21U019N, Taffy, Cubuzzi, 1930-11-15, Female, Melenki, +7 566 240 1988, NULL
HWYSJO88S68S327B, Valaria, Wedmore., 1996-04-19, Female, Santa Tecla, +503 635 111 1324, NULL
JXEBFK62W55E827W, Karilynn, Keig, 1992-09-03, Female, Zerkten, +212 387 887 9207, NULL
ZAKOVG73F18P859G, Suzette, Carlens, 1982-02-15, Female, Terenozek, +7 913 849 5641, NULL
ZRTWKI02N78P670I, Valentine, Grisenthwaite, 1959-03-03, Male, Shardara, +7 423 439 3562, NULL
UCKBID10S50V151B, Bibbie, Duddle, 1990-05-03, Female, Guanhães, +55 846 681 1169, NULL
ZNXWGK66J60B745D, Wilden, Coughlan, 2004-05-17, Male, Carcassonne, +33 524 321 2295, NULL
IGLKCM97T83C764O, Sherlocke, McVie, 1969-03-20, Male, Dongxin, +86 805 804 3551, NULL
YXEPNU97F44R863G, Lezley, Jelf, 1955-04-28, Male, Xinli, +86 170 243 1248, NULL
HMYSID83F48Y405L, Luelle, Orbon, 1967-11-30, Female, Skawica, +48 696 334 5885, NULL
EVXMNZ23I96P349A, Darcy, Whitechurch, 1965-01-03, Female, Fengli, +86 688 441 9600, NULL
YOXQPW53T89W050V, Lockwood, Tapper, 1998-04-04, Male, Junín, +54 972 469 6526, NULL
USGAHN85W36B608U, Joly, Bulter, 2010-06-14, Female, Vurğun, +994 355 603 8633, NULL
GBCHTL78W09J495S, Jasper, Prigg, 1947-03-28, Male, Wilmington, +1 910 463 8149, NULL
WECBIZ94J59Y204F, Even, Prodrick, 1984-09-04, Male, Sobral, +55 438 700 1399, NULL
DFJONM28M53U772P, Norean, Hardaker, 2003-10-26, Female, Sampangbitung, +62 285 969 2647, NULL
EVKQUD90D96K148U, Malynda, Lempenny, 1949-04-11, Female, Hongqi, +86 107 981 7444, NULL
QFHAPG22N74A947Q, Drucie, Marquez, 1938-12-25, Female, Chebba, +216 583 411 6290, NULL
TZPUKV67E91N161O, Hailee, Berfoot, 1997-09-18, Female, Cayara, +51 256 114 8698, NULL
RASMZO54N83D769F, Anthia, Gillard, 2003-11-16, Female, Zvenigorod, +7 525 934 9196, NULL
MKVYAS18F97K553M, Rorie, Ivakhno, 1947-08-01, Female, Nurota Shahri, +998 674 233 4088, NULL
SUJEDG81K84J913R, Lynnea, Speechly, 1995-03-19, Female, Batan, +86 664 514 7845, NULL
CKUQTZ72Q22U772T, Arabela, Belsey, 1967-06-12, Female, Pimian, +86 859 530 5437, NULL
VGOIAN36M96V944V, Deena, OCalleran, 1993-04-14, Female, Pamplona, +57 454 463 4954, NULL
VQDHTM11I15R254Z, Kalie, Veschi, 1993-03-21, Female, Báguanos, +53 692 652 2400, NULL
KHIUYX57A04B420Z, Nickolaus, Sigmund, 1989-11-08, Male, Aroeira, +351 310 580 1112, NULL
BPMTVQ86F02K310X, Roseline, Brumpton, 1992-01-28, Female, El Paraíso, +504 912 250 6343, NULL
CMEQWK00E07J830O, Alexis, Midlane, 2006-04-06, Female, Abhar, +98 867 707 4111, NULL
FLYKCZ27P15P900V, Oriana, Swane, 2001-12-22, Female, Sillon, +63 684 654 0585, NULL
GAEYQD20T20Z584V, Sisely, Bohden, 1948-09-24, Female, Unaizah, +966 303 716 0815, NULL
EVRINM60U28Y618S, Kendrick, Brickwood, 1976-06-19, Male, Sundsvall, +46 634 686 8417, NULL
SPLKAH97S52H283M, Quint, Mingame, 1986-05-01, Male, Oripää, +358 726 288 1383, NULL
OYJGCP74S82Y952W, Timmy, McGinly, 2002-06-03, Male, Anahuac, +52 336 483 7354, NULL
QCHTBV46Q28O408R, Ardene, McComiskey, 1958-09-21, Female, Jiangjia, +86 246 684 3498, NULL
ENTHQG78Q45U633I, Alexi, Benka, 1995-01-04, Female, Enzan, +81 356 432 5730, NULL
AFDKCQ38M18Y513Y, Blondy, Guilloneau, 1994-03-04, Female, El Cardo, +51 898 949 8618, NULL
XBGVLP12K28F635Y, Markos, Darville, 1992-10-11, Male, Petrivka, +380 898 711 3621, NULL
PLNOGS37U92I238F, Candis, Larvor, 1974-01-16, Female, Isak, +62 101 448 3526, NULL
GOYVSM38B85V099G, Kaspar, Rymour, 1983-10-18, Male, Las Palmas, +52 324 880 6894, NULL
OHCBPM41S12G265U, Sutherlan, Ead, 1949-03-01, Male, Nanton, +1 774 263 9844, NULL
HFZIPG08A66K380K, Ingra, Raymont, 1957-02-24, Male, Kåge, +46 518 273 9694, NULL
VNCEGT21K72Q236S, Alidia, Kiraly, 1938-02-06, Female, Boguszów-Gorce, +48 756 277 8609, NULL
KXSRFZ05L55W713A, Katine, Cowlas, 1954-10-15, Female, Klatakan, +62 773 577 0427, NULL
LZMDRH50P74F558O, Brittney, Gascoyne, 1953-09-08, Female, Agbani, +234 123 215 5154, NULL
BFIZMC43R05B687K, Fanni, Matt, 1991-05-23, Female, Bennäs, +358 131 911 0011, NULL
SLTUXG16F82P624C, Jerrie, Ruste, 1984-03-09, Female, Ishinomaki, +81 695 388 9477, NULL
WQIHVS25F34U987D, Haley, Kimbury, 1944-06-07, Male, Pingshan, +86 709 577 6924, NULL
FPQIMO56X69O910W, Leopold, MacKereth, 1946-04-13, Male, Luga, +7 637 882 2671, NULL
AHSJQW37Q50S033I, Zeb, Crucitti, 1935-08-26, Male, Pereira Barreto, +55 481 646 5339, NULL
DHTURW52V69A912H, Leroy, Drinan, 2002-11-27, Male, Santa Rosa, +55 613 682 1133, NULL
OYUASB20Q98J182W, Duffy, Prydden, 1980-01-09, Male, Iporá, +55 524 420 6331, NULL
UERJTW51D18U496Q, Karlis, Prodrick, 1959-06-13, Male, Maracás, +55 653 707 5216, NULL
UFCRDA42U01K470E, Lewie, Raft, 1946-05-18, Male, Měřín, +420 916 206 5464, NULL
NJFYPB13U70V051L, Sabina, Hevner, 1967-12-21, Female, Temizhbekskaya, +7 587 586 6756, NULL
PZJLIN82H53V163G, Debby, Ruddy, 1967-06-14, Female, Biwer, +352 843 649 2333, NULL
SQBFND54I33C449L, Sherwood, Mowday, 1995-06-16, Male, Sainte-Anne-des-Monts, +1 837 818 5035, NULL
SWOGBK62J71A392O, Ralph, Henrichs, 2004-08-10, Male, Gewanē, +251 977 217 0122, NULL
VCJOBT74P94Q349X, Carey, Parratt, 2004-02-10, Female, Kampong Chhnang, +855 490 921 5764, NULL
YRNXGS92H34R895J, Hernando, MacKimm, 2010-09-15, Male, Pasirbitung, +62 156 327 9909, NULL
CISWTD48C97H801L, Tania, MacAlpyne, 1959-06-29, Female, Zárkos, +30 700 449 9997, NULL
KLAPGO83F41Q034J, Magnum, Stenners, 1987-08-25, Male, Tianyi, +86 575 112 9477, NULL
JLMWXO16W85H924T, Selina, Sydall, 1948-08-24, Female, Stýpsi, +30 874 242 8669, NULL
DCGBWM67X66B817Y, Lelia, Lefley, 1969-10-22, Female, Bueng Kan, +66 422 425 1936, NULL
GKJVZU97D37Q030B, Rollin, Lodo, 1998-02-04, Male, Dasht-e Lati, +98 373 717 4179, NULL
WCDTHK22I08C557J, Alma, Oakes, 1936-09-19, Female, Mamburao, +63 962 336 6831, NULL
QZCBSX15F78Q874L, Nerita, Romanet, 1930-09-05, Female, Moscow, +7 806 688 4658, NULL
HYGZSD63H76H226Z, Nickolas, Pirazzi, 1967-04-24, Male, Novyye Cherëmushki, +7 265 628 7267, NULL
WOPURA34T43T763Z, Mendie, Barcroft, 1956-12-31, Male, Budapest, +36 658 939 9910, NULL
AVEIYS55K09Z629R, Hestia, Pyrke, 1969-09-10, Female, Sanpai, +86 754 723 6197, NULL
RFVCQZ81X40E313L, Hermione, Lehrle, 1946-05-04, Female, Caqu, +86 179 929 8268, NULL
XZRGVF78G16U248T, Shepperd, Dahl, 1956-10-22, Male, Mercier, +1 425 515 5218, NULL
FVZQSC47Q61Q989T, Madel, McQuade, 1949-07-15, Female, Lajkovac, +381 167 865 0716, NULL
KLMGVT49W82B726T, Hastie, Yarmouth, 2014-03-30, Male, Baizhang, +86 654 926 4248, NULL
XOZHYP77Y53O612U, Ava, Gommery, 2003-07-25, Female, Wuyang, +86 571 254 2349, NULL
VLRUJA81E28R881E, Aldus, Mulvenna, 2002-04-28, Male, Bồng Sơn, +84 734 297 8696, NULL
UNJKSQ33V75M515O, Giulio, Jancik, 2004-07-20, Male, Pasarbaru, +62 855 848 3646, NULL
UITYBM84I69M006V, Eloisa, Doubrava, 1965-08-21, Female, Gachalá, +57 678 347 3604, NULL
WNYQAT44F68D045Y, Bernice, Benthall, 1974-12-22, Female, Dve Mogili, +359 797 436 1395, NULL
XGSNIZ50C35Z914B, Sharlene, Orpwood, 1938-04-01, Female, San Isidro, +63 825 791 9269, NULL
NCXWGA12P08K315R, Britt, Seegar, 1937-11-21, Female, Parbatipur, +880 606 165 3264, NULL
EQKDCS52B06J487R, Kelley, Oubridge, 2006-01-07, Female, Bouzov, +420 900 720 5720, NULL
YCQSDO44F30A245S, Minnie, Noone, 1942-03-05, Female, Zaragoza, +52 683 851 7312, NULL
BOVFAT09R49X589O, Melloney, Aires, 1978-02-09, Female, Shimen, +86 697 420 9728, NULL
ASTHUR48A77N354X, Brendis, Filipyev, 1938-06-02, Male, Xiacang, +86 445 834 2025, NULL
IONAHX90D64F552R, Evered, Zimek, 1971-03-01, Male, Granada, +57 323 741 9982, NULL
UQYXDN53F59O868N, Eva, ODuggan, 2009-03-05, Female, Tõrva, +372 336 828 8662, NULL
HIWUEM62B25N880E, Wang, Haughian, 2001-04-10, Male, Kosmonosy, +420 458 673 8445, NULL
UQYFHV26R75O604L, Catlee, Alyukin, 1938-04-11, Female, Mahdishahr, +98 940 246 5607, NULL
AIHWDF16L72C548E, Flory, Cousin, 1971-11-02, Male, Otyniya, +380 658 886 5936, NULL
GYSDEV99K20Y672C, Binni, Neumann, 2005-05-30, Female, Xunhe, +86 167 175 0669, NULL
IYJNHW92G89U812O, Cooper, Plank, 1957-05-30, Male, Aparecida, +55 259 151 1859, NULL
COHFXR16X61U798K, Smitty, Kerins, 2010-09-09, Male, Xarag, +86 702 785 8249, NULL
MLZRUN67N29K828G, Luz, Went, 2010-05-29, Female, Vuhlehirs’k, +380 439 773 3851, NULL
GLVFUZ81U37S042D, Maynard, McWhan, 1975-06-23, Male, Mashtūl as Sūq, +20 156 686 6557, NULL
SVLYTU59E69R248R, Susanna, Worlidge, 1974-06-29, Female, El Cuy, +54 272 518 3049, NULL
NKJPFH31K83V592P, Brittani, Duggan, 1936-04-11, Female, Pampa Hermosa, +51 561 431 5636, NULL
JVRHGN99M71G169H, Jaynell, Givens, 1993-10-07, Female, Décines-Charpieu, +33 768 314 1027, NULL
RZKPFT25A67R730I, Hilliary, Daingerfield, 2011-06-01, Female, Mpulungu, +260 493 982 9918, NULL
LWICSV42T08G258R, Durant, Overill, 1985-01-25, Male, Alpūrai, +92 694 682 9198, NULL
XFPQGK59W50N978Q, Waldo, Sangster, 1937-12-26, Male, Nungga, +62 408 712 4714, NULL
BHZYNA83B77N767I, Mufi, Koppelmann, 1986-07-04, Female, Ilo, +51 368 607 8520, NULL
WUYNQH91P40B584I, Jayme, Danielsky, 1932-09-06, Female, Potosí, +591 871 566 1698, NULL
HNKMCV04N95S355H, Nikkie, Balme, 2008-07-01, Female, General Vedia, +54 197 296 0894, NULL
VHTJRL42W95E162Y, Sheffield, Crinidge, 1931-03-12, Male, Třemošnice, +420 983 722 4532, NULL
IAOPFR50V74Y258E, Nickolai, Bloggett, 1973-05-14, Male, Cinyumput, +62 961 354 8065, NULL
RSYUHC57A28N431A, Constance, Laughrey, 1968-04-02, Female, Cibeureum, +62 989 968 4084, NULL
MJUBYT25H55B701Y, Barr, Shilliday, 1978-11-15, Male, Stylída, +30 317 494 7655, NULL
QSEOLD72A66E704T, Ally, Garrold, 2001-07-10, Female, Launceston, +61 466 256 6873, NULL
HQCDOF19D42M967G, Ginnie, Sawkins, 1955-09-27, Female, Tanzhesi, +86 591 595 2293, NULL
RAYMIB75M06Z214C, Nealon, Fenimore, 1952-11-14, Male, Killam, +1 380 996 0621, NULL
TUYMAQ48S35F416G, Ami, Achurch, 2000-04-03, Female, Urechcha, +375 364 542 9841, NULL
PDGLEZ27F56I899A, Kermy, Chadwen, 1960-05-16, Male, Morteros, +54 888 198 2481, NULL
NLTMFH93B59D872Q, Jack, Barhims, 1983-02-24, Male, Jiangqiao, +86 936 778 2960, NULL
TDPUGW75E38Y643Y, Ophelia, Dreakin, 1948-01-16, Female, Gaimán, +54 148 968 4679, NULL
GNRDCJ76W09T970J, Bryanty, Blachford, 1936-01-02, Male, Ballyboden, +353 629 183 6527, NULL
ZSADGO04U80B516M, Perla, Gommowe, 1965-06-18, Female, Singgit, +62 250 202 2807, NULL
CHOMEF26Z95D143E, Jocelyn, Bradlaugh, 1967-02-09, Female, Ducheng, +86 423 864 0332, NULL
NCPLQK10O91P124C, Gaven, Arrighini, 1955-12-04, Male, Buensuseso, +63 369 650 1867, NULL
PYQNDL12U67U015O, Gracia, Skase, 1987-06-29, Female, Santa Ignacia, +63 449 695 2257, NULL
YQPRLN77W59F994I, Wilmette, Linneman, 1942-12-19, Female, Orléans, +33 542 395 7953, NULL
MJGPSZ13Z17Z819K, Cherry, Dimont, 1965-08-18, Female, Sumaré, +55 899 800 9296, NULL
QHYUIM67T87K699D, Kirsteni, Gerold, 1956-09-20, Female, Langqi, +86 225 279 4053, NULL
XMSALJ39N45J174H, Emily, Folley, 1951-12-06, Female, Vallecillo, +504 291 746 7424, NULL
LGYNJR70T58R180A, Sandor, Savery, 1945-11-22, Male, Subic, +63 100 412 1579, NULL
YXTRHU87A23G789R, Isa, Jewks, 1943-05-20, Female, Tall Tamr, +963 326 720 0161, NULL
QNHLXM81W44T020D, Timothy, Bustin, 1970-10-20, Male, Chinchŏn, +82 952 537 6360, NULL
CVAJFE39Y53O435B, Zarla, Tubridy, 1972-02-04, Female, Itzer, +212 262 835 0380, NULL
GWPXYS95Z21G621U, Maximo, Wardingly, 1949-11-13, Male, Mizur, +7 457 841 5957, NULL
XKNCOI09K44Q680V, Vikki, Galilee, 2015-04-03, Female, Lameira, +351 180 595 3384, NULL
CYMKZJ04A41C664K, Mariquilla, Fetherstonhaugh, 1971-01-24, Female, Umuahia, +234 637 506 0514, NULL
BMNGTQ13I59C549Q, Brendon, Jansey, 1962-08-23, Male, Nangong, +86 572 941 2992, NULL
CRXVSM02E59H085R, Lise, St. Paul, 1935-04-06, Female, Pandaan, +62 456 288 7998, NULL
YVQFMX12G69X607F, Duff, Pounsett, 1962-03-04, Male, Karanglincak, +62 875 974 8205, NULL
XIONFG31H23H960Q, Kevon, Jope, 1984-05-24, Male, Králův Dvůr, +420 800 709 6867, NULL
HGJAEI12M35T577A, Milton, Elgy, 1940-10-19, Male, Mytishchi, +7 985 555 6773, NULL
DAPENQ32H10K071N, Dominik, Hasker, 1945-10-31, Male, Jixian, +86 156 977 5233, NULL
RZLDKV85F77L335H, Kali, Georgeau, 1976-01-23, Female, Xishan, +86 191 873 0368, NULL
RUHJDE15J00V004V, Valentin, Woodburn, 1959-11-06, Male, Ballybofey, +353 725 211 0180, NULL
ADPGET16H68E863B, Katie, Lindsey, 1996-08-28, Female, Sacramento, +1 916 991 9069, NULL
NABMZJ56W29R683G, Waly, Reggler, 1996-08-01, Female, Porto Feliz, +55 222 440 2991, NULL
VMAXLY24Z46C223M, Thorn, Matteris, 1980-09-10, Male, Chambara, +51 583 447 2854, NULL
IXZKFR62R30O512V, Solly, Climar, 1946-10-22, Male, Cheonan, +82 595 376 4943, NULL
UPFBLX42Z08P481Y, Saleem, Talboy, 1966-02-11, Male, Ngou, +237 230 873 6301, NULL
PWGDCA30I12O107T, Stephenie, Becker, 1945-01-25, Female, Xushan, +86 342 407 9933, NULL
XKWJPO88K76K940F, Vallie, Jermey, 1975-06-13, Female, Bantarmangu, +62 547 531 2142, NULL
OVZTQU45B45H847P, Barnabas, Daish, 1983-07-28, Male, Novais, +351 374 779 7758, NULL
OMUYKA24O30F728K, Kizzee, Treweke, 1940-08-18, Female, Mujur Satu, +62 919 935 6575, NULL
BDITVW39N09O948I, Aliza, Sweeney, 1955-12-06, Female, Tekstil’shchiki, +7 895 915 7241, NULL
ZITBMP72W53M981W, Colly, Darby, 1983-04-11, Female, Narutochō-mitsuishi, +81 389 858 0980, NULL
NCGVBF70Y26M302O, Tudor, Inott, 1970-09-21, Male, Renxian, +86 605 982 7652, NULL
WMCNKL59H42Z691I, Esmeralda, Boldero, 1952-01-05, Female, Yingchuan, +86 785 111 2446, NULL
WKXLJE39D37Q219W, Millie, Treweek, 1967-11-18, Female, Nunleu, +62 922 684 1753, NULL
SXMATF96O65P858W, Clarabelle, Brack, 1955-10-08, Female, Larnaca, +357 351 188 0240, NULL
AUMGNR69D53E630K, Karoline, Knifton, 1946-09-18, Female, Heung-hai, +82 225 710 4875, NULL
WSEDFN56Z94J164Z, Domini, Jakubowski, 2000-08-20, Female, Pontevedra, +63 301 255 7345, NULL
WTQMKG31U41U899M, Terri, Rusk, 1990-01-25, Male, Jiangbu, +86 531 516 5722, NULL
EQMDLP09K13V629J, Nichols, Judkins, 1932-06-08, Male, Debre Zeyit, +251 758 811 9158, NULL
AXDILM06Z49C460J, Marline, Talkington, 2010-11-24, Female, Kostyantynivka, +380 693 620 0545, NULL
RYMJDS43I20N195U, Cooper, Wales, 1987-12-22, Male, Oenunu, +62 320 780 1553, NULL
NTFOXU27E40R221N, Lee, Vasentsov, 2006-08-22, Male, Uttar Char Fasson, +880 930 812 7912, NULL
ZRUMPK46O12K832L, Elmo, Palmby, 1940-07-08, Male, Fāmenīn, +98 353 607 6634, NULL
EFHBPL82U41K223X, Noel, Ameer-Beg, 2006-08-27, Male, La Ferté-Bernard, +33 108 426 7732, NULL
XZFPUB54S72Z599H, Leeann, Goracci, 1983-07-06, Female, Studzionka, +48 142 495 7812, NULL
DOSPXM41N95Y797R, Vicky, Berryann, 1952-02-22, Female, Zaliznychne, +380 412 863 6613, NULL
NEIKVR56N26C976K, Cosmo, Yitshak, 1996-02-17, Male, Sedkyrkeshch, +7 421 691 9267, NULL
KZWPOM38L88I154N, Augustina, Berni, 2008-12-31, Female, Uttar Char Fasson, +880 482 276 7619, NULL
ZWYEGR22L58E882E, Wittie, Bengefield, 1986-12-12, Male, Florencia, +57 636 533 3037, NULL
MJURFE61A49V738P, Starlene, Ganny, 1963-09-26, Female, Yujin, +86 443 523 5120, NULL
UYXLGH99M67N472B, Eartha, Clubley, 2009-11-01, Female, Sibreh, +62 406 833 9055, NULL
VQPEXL56K24X024T, Ellis, Ipsly, 1963-03-19, Male, Greenhills, +353 373 162 6135, NULL
ANZUIK76H97G325A, Elia, Palphreyman, 2008-02-17, Male, Angeghakot’, +374 666 444 7212, NULL
AGFMQL20B84T235N, Kelley, Gilchrist, 1961-12-15, Male, Roubaix, +33 312 247 5908, NULL
KOSRPD57H65J715K, Sheffield, Snelson, 2006-06-15, Male, Lingcheng, +86 929 263 3164, NULL
EAOVYL38Z86S470H, Rubina, Outridge, 1995-05-22, Female, Alta Gracia, +54 435 870 0732, NULL
FQHYVG69B83N020P, Alphard, Neeve, 2011-01-05, Male, Jiaoxiyakou, +86 328 482 7823, NULL
UNABJZ61F05Q613Q, Doug, Mauditt, 1999-07-21, Male, Västerås, +46 176 953 4122, NULL
IKAGWR43N38J829X, Madelle, Sweeten, 1976-03-23, Female, Cikananga, +62 430 462 3517, NULL
CGIPOE93S51L906E, Lowrance, Cough, 2001-05-28, Male, Nuasepu, +62 791 993 9675, NULL
OWBGSD22T24F643I, Tiphanie, Grand, 1994-02-25, Female, Granada, +34 259 425 7861, NULL
KHCOIV82C10H562B, Cordy, Dielhenn, 1945-09-06, Male, Manolo Fortich, +63 466 907 2851, NULL
FPUYTA61Z57T181K, Sindee, Larraway, 2009-11-24, Female, Linköping, +46 184 402 1990, NULL
XRGNAW28T37K931J, Rudolph, Akram, 1963-04-17, Male, Gaoyao, +86 807 666 7530, NULL
DOFLIK97X20F404J, Meryl, Aizic, 1952-09-09, Female, Jinxiu, +86 661 939 0647, NULL
FPUJRX79C95F522V, Minor, Blindmann, 2014-04-11, Male, Karbinci, +389 627 805 9685, NULL
TZKDPL81M99Q657C, Daisy, Saltman, 1962-06-06, Female, Tarbagatay, +7 694 825 9908, NULL
XDKOET37V18N976T, Tuck, Reville, 1939-08-07, Male, Zdiby, +420 267 511 9453, NULL
WNHBXO97H42J493L, Jae, O Neligan, 1947-12-05, Male, Syracuse, +1 315 948 2264, NULL
BTRGSK64V60M609D, Faydra, Goodluck, 1965-10-19, Female, Cadiz, +34 813 473 7108, NULL
SGLOAH88R31N886Y, Hillard, Bonsall, 1950-05-27, Male, Independencia, +52 119 309 2617, NULL
JSKYIV36T55C971Z, Amalita, Petcher, 1977-11-07, Female, Librazhd-Qendër, +355 550 834 4845, NULL
DLQSYM97O60B384E, Torry, Caro, 1960-10-13, Male, Hamamatsu, +81 240 190 1323, NULL
GPJRKV35L14F650P, Trevor, Patise, 1986-06-01, Male, Pante Raja, +62 509 822 1639, NULL
AXMPIV68M37U858F, Ludovico, Sexon, 1987-10-28, Male, Rouen, +33 104 725 8559, NULL
SPUQCM16F91M456N, Gaile, Woolvin, 1990-09-08, Male, Ambatondrazaka, +261 770 724 5860, NULL
FZLERA95T59F260L, Vivi, Thaxton, 1988-05-31, Female, Fernández, +54 889 651 7927, NULL
KWMVHE31I96U072F, Harv, Grzes, 1973-09-24, Male, Kuroishi, +81 925 970 8503, NULL
JFCEIH72O92G055G, Antonetta, Heams, 2010-11-10, Female, Stare Juchy, +48 772 169 3062, NULL
SNZFTP83J50M536O, Lissy, Gianiello, 2013-08-09, Female, Jargalant, +976 489 819 9409, NULL
GPQTBR53L49O309M, Ammamaria, Greensitt, 1937-10-15, Female, Pacov, +420 420 484 1442, NULL
KCBEPL56N20Q132D, Violette, Dredge, 1976-04-21, Female, Suḩayl Shibām, +967 140 234 4141, NULL
MPCGBE42T32F885T, Renae, Ost, 1935-09-22, Female, Hai’an, +86 219 643 9365, NULL
VMSHYD55D07C806W, Jarret, Ruddlesden, 1984-02-22, Male, Hihyā, +20 610 250 5396, NULL
AQWKUO71T91Y617U, Dennison, Gregoretti, 1990-08-15, Male, Wińsko, +48 124 655 3224, NULL
RHXQKY09U96O917D, Dell, Cardenas, 1958-12-18, Male, Envigado, +57 721 359 1396, NULL
KICHAU46X96Z041K, Gaby, Beininck, 1970-08-14, Female, Libato, +63 834 144 7271, NULL
UOFBQC34P32L111N, Nappy, Annwyl, 1950-06-22, Male, La Esperanza, +52 113 255 6462, NULL
ZFODSN52U04N504Y, Locke, Malinowski, 1948-11-17, Male, Baixi, +86 382 371 4787, NULL
DQZPWY72Q58N262M, Hazel, Scamp, 1985-05-24, Male, Wangmang, +86 752 981 3359, NULL
BNCGWK56M67Z281B, Linette, Inder, 2005-02-16, Female, Guyangan, +62 752 985 2643, NULL
HUYCSR50B05J663S, Roman, Orpyne, 2004-03-29, Male, Brušperk, +420 553 517 9442, NULL
LYDMOZ75S11T541X, Prentiss, Huckle, 1968-06-25, Male, Turenki, +358 567 895 0228, NULL
PJKHMR79N64H939B, Inge, Beetlestone, 1964-03-03, Female, Pak Phayun, +66 561 558 2867, NULL
QZBPEK86E04G556H, Min, Blaszczynski, 1971-07-29, Female, Předklášteří, +420 758 760 0146, NULL
ZIUTPY03S37Z924N, Suzette, Bahde, 1965-05-13, Female, Zhangyang, +86 997 440 6837, NULL
FIUZWN58T86C814R, Salomone, Uebel, 1992-02-24, Male, Čejkovice, +420 155 932 3546, NULL
MRINTA25S24M804J, Urbain, Tockell, 1984-02-21, Male, Boa Vista, +55 574 346 6630, NULL
IRTVXP69X90H808S, Hilda, Rimmington, 1994-09-21, Female, Changtan, +86 787 694 0951, NULL
RAMLQB48F20E356V, Guido, Phant, 1947-06-22, Male, Zhulan, +86 580 353 5245, NULL
UQRAJC85V30A395E, Catlaina, Pruckner, 1980-01-09, Female, Amparafaravola, +261 873 841 9653, NULL
PSHFBM65F19U930C, Katrinka, ODoogan, 1994-11-23, Female, Ode, +234 321 132 4830, NULL
YXCEGW61E04Y144L, Richart, Queyos, 1988-03-25, Male, Kwangju, +82 565 572 0707, NULL
SHVZTK45S77Y284I, Juli, Impson, 1964-10-22, Female, Roscoff, +33 259 432 4738, NULL
WNRYZC38G86U017G, Ruby, Hitter, 1943-05-25, Male, Chengtang, +86 941 842 1083, NULL
XITHVL53J50R487E, Christabella, Bowkley, 1954-03-02, Female, Gore, +64 604 158 1930, NULL
WTYMDI52J47W537W, Costanza, Breslane, 1981-12-13, Female, Sheregesh, +7 945 723 2940, NULL
QNZTHE94P68C416C, Selene, Muckloe, 1952-09-16, Female, Shimoda, +81 392 929 3825, NULL
VQHARB85T73Q075S, Cass, Malone, 1996-12-08, Female, Oued Laou, +212 999 277 5745, NULL
YFMQOX64F15W768G, Abbe, Osgodby, 1961-06-16, Male, Haquira, +51 260 141 9807, NULL
OXFDVM98J72P086J, Tawnya, Ollivierre, 1985-07-30, Female, Wysoka, +48 639 672 4307, NULL
ODXPVM50B96O248G, Gloriana, Phlipon, 2007-07-06, Female, Pachīr wa Āgām, +93 244 309 4677, NULL
PTDWCK05K52K874S, Bord, Whifen, 2015-06-12, Male, San Clemente, +56 858 213 2599, NULL
PSBMUD20E38Z800R, Sheffy, Alesin, 1932-03-26, Male, Argentan, +33 434 776 9000, NULL
DCWRNZ06W48L596G, Gerardo, Tremmil, 1951-06-07, Male, Tupsan, +63 788 354 1638, NULL
DWTQSA82N80Z226K, Marianne, Mabbitt, 1990-05-16, Female, Sultan Kudarat, +63 437 401 0753, NULL
GWTCSK73K37O203I, Ritchie, Waywell, 1989-09-16, Male, Molave, +63 322 913 9517, NULL
VJDWBG42M78U308L, Noel, Songhurst, 1999-11-22, Female, Casilda, +54 274 354 7227, NULL
VDSMWY57S76N387A, Westbrook, Holbarrow, 1982-07-31, Male, Kodamachō-kodamaminami, +81 782 665 9213, NULL
KYACSB92G38A035Y, Phillis, Wilcher, 1939-11-24, Female, Piduhe, +86 557 571 8991, NULL
LHQIDT88E98N237X, Maren, Lynock, 1976-10-29, Female, Huashixia, +86 308 297 8263, NULL
UYMJWK50Q72S413T, Nollie, Clere, 1937-06-09, Female, Bizana, +27 115 579 1618, NULL
UIOZWQ67D88F127H, Arlyne, Graber, 1943-11-07, Female, Greensboro, +1 336 814 6734, NULL
TNZUWL50B79Q782H, Demott, Aldersey, 1965-02-28, Male, Aygeshat, +374 447 565 2991, NULL
LGIEMC11Z57Q969C, Brewer, Eye, 1939-11-21, Male, Yakimovo, +359 178 538 1976, NULL
GRQVKY32L92O323Y, Harmonia, Whitfeld, 1951-02-19, Female, Sremska Mitrovica, +381 266 397 0382, NULL
XNIWMO37L71L605N, Rossie, Aberchirder, 1998-12-25, Male, Srpska Crnja, +381 765 632 4742, NULL
NQZURW87X99Q961G, Burton, Buckhurst, 1960-09-02, Male, Kesha, +86 539 267 6364, NULL
KHZCFE06Q45K858W, Stirling, Canet, 1981-09-10, Male, Okanagan, +1 353 374 7590, NULL
REPJTF54R51W999V, Tomasine, Urlich, 2012-04-25, Female, Stryszawa, +48 552 623 8299, NULL
OYBEVS01J65X953J, Carroll, Remington, 2000-05-01, Male, Banes, +53 947 737 8924, NULL
JIACMO78N51L006F, Mady, Mulbry, 1945-03-23, Female, Warlubie, +48 666 346 2493, NULL
RFVNCI86S64X385Z, Hayward, Kaemena, 2013-02-23, Male, Afaahiti, +689 888 838 9279, NULL
GEXJPM22F91X654Z, Kyla, Wymer, 1938-06-27, Female, Viana do Alentejo, +351 811 989 4207, NULL
PLXRMN27A58B460G, Jade, Watchorn, 2003-02-22, Female, Culianin, +63 637 979 4911, NULL
BHVRJG07P74N915O, Russell, Biggs, 1980-06-03, Male, Saki, +234 942 922 0619, NULL
YSFBRN37B05A127A, Ashly, Rarity, 1941-07-06, Female, Charenton-le-Pont, +33 542 242 5189, NULL
KZRHOM03N15I965H, Reynolds, Martinat, 1938-12-27, Male, San Jose, +63 131 622 3684, NULL
SQCMAK96V68H952T, Letty, Meenehan, 1991-12-11, Female, Ostrožská Nová Ves, +420 765 376 1040, NULL
LWKSBZ00S43M760R, Eleen, Duinbleton, 1980-05-26, Female, Paurito, +591 774 490 4342, NULL
HUPNVE98P50W057B, Selena, Daout, 1942-06-05, Female, Yono, +81 900 902 8770, NULL
WPRYJS49P73T880E, Yancy, Cicchillo, 1949-03-03, Male, Enschede, +31 298 549 4349, NULL
FKIMON23O17V017Z, Harlan, Duncklee, 1989-12-21, Male, Donglai, +86 191 299 0176, NULL
UOEKHN12U52G621J, Erskine, Spain, 1956-04-06, Male, Xiancun, +86 553 305 3053, NULL
WTFHBE16C45K308Z, Grayce, Clowser, 1968-04-19, Female, Jiahe, +86 384 731 1728, NULL
FSLMHP36S25X641Z, Eveline, Slocumb, 1950-10-26, Female, Niedźwiada, +48 289 506 0897, NULL
BLEUSM37Q77U173H, Fletcher, Goatcher, 1998-09-13, Male, Karangkancana, +62 316 599 1777, NULL
APLIJD42C39X762G, Caria, Hanning, 1957-10-17, Female, Hluboká nad Vltavou, +420 718 397 0327, NULL
FAHUBK25K16S954A, Angelica, Hembry, 1943-02-12, Female, Kaliterus, +62 813 131 3053, NULL
KEISXR23H99T175A, Pippy, Olek, 1931-08-01, Female, Merik, +62 126 412 0033, NULL
JWIGQY10F81H495P, Mortimer, Harrismith, 1933-12-23, Male, Damatulan, +63 530 763 0754, NULL
CYEKXV89O22I324L, Wallas, Doxey, 1973-08-22, Male, Napoli, +39 574 448 9672, NULL
YHJKVA05Z60Y079U, Cristiano, Barnes, 1972-07-28, Male, Krapivna, +7 583 271 9782, NULL
ODJCFT67O19B830G, Victoria, Dunn, 1943-08-28, Female, Vila Nova Sintra, +238 628 415 8730, NULL
OHAGKB23N66B329X, Morse, Scading, 1950-02-15, Male, Lingyang, +86 568 263 2879, NULL
LYHROE73D15Q450Z, Wilfred, Swayte, 1957-07-10, Male, Villeurbanne, +33 776 687 1140, NULL
VPIYMG46G62D944S, Archy, Lantaph, 1968-03-27, Male, Guangping, +86 121 375 4721, NULL
VXRPJE62T85Y598J, Kathi, Danielsky, 1934-12-24, Female, Tres Isletas, +54 807 164 9557, NULL
TPDVIW86M93B160H, Olympia, Sallinger, 1937-01-09, Female, Pasirjaya, +62 796 192 0745, NULL
QKEVBO45Z66H228F, Udell, Slowcock, 1942-01-13, Male, Pyatigorskiy, +7 252 809 5322, NULL
ARPOHC47K09A568J, Franzen, Brickdale, 1936-11-16, Male, Cibolek Kidul, +62 817 515 0005, NULL
XJLZKV63T32O888S, Devi, Sappell, 2002-03-31, Female, Ningmute, +86 817 132 7739, NULL
JFVQKW86Z50Q410G, Nil, Tanser, 1982-11-27, Male, Mburukullu, +62 105 101 8711, NULL
BEXUPL98U59N096P, Kristopher, Headrick, 1946-07-24, Male, Yongfa, +86 811 623 3684, NULL
GSDNJY13S08Z754B, Grayce, Ells, 1956-05-26, Female, Bantay, +63 465 357 9389, NULL
XJYRZS39K76B933D, Pierrette, Lesslie, 1934-10-11, Female, Hualin, +86 821 368 3988, NULL
XGPKLW60D20P424P, Verile, Starzaker, 2010-10-23, Female, Saint Petersburg, +7 571 426 0893, NULL
YLOPGU63K08L848K, Isis, Robe, 1954-06-13, Female, Bajing, +86 248 288 2968, NULL
XQFWAG93F23N572L, Jacinta, Undrill, 1988-04-06, Female, Montpellier, +33 782 543 9266, NULL
LXUKWV57R43X843I, Tyrone, Campo, 1950-01-14, Male, Youyun, +86 216 737 7818, NULL
SIZYCE53B62G943P, Phaedra, Warhurst, 1967-08-22, Female, Ipaba, +55 353 682 9539, NULL
PXTHRD65A80K340B, Shanna, Wintringham, 1951-10-23, Female, Protvino, +7 250 693 6215, NULL
OFJQLP42R52U127T, Pebrook, Godthaab, 1986-02-27, Male, General Vedia, +54 783 337 7735, NULL
HJYWIX16I95J842Z, Sabrina, Graal, 1980-07-20, Female, La Plaine-Saint-Denis, +33 535 300 2156, NULL
QFMOAP03U97R179W, Mair, Albutt, 1950-06-07, Female, Tours, +33 270 464 2580, NULL
SEGUBR44Q42D206J, Johnnie, Petrov, 1973-07-29, Male, Bankim, +237 567 929 1240, NULL
DMBQAX11P89Z421M, Joseito, Hallihan, 1951-09-28, Male, Chastyye, +7 284 144 0376, NULL
OVLJUQ80D74U373P, Lyndel, Kittel, 1931-11-30, Female, Lubao, +86 557 708 9824, NULL
TFMYAC42P98A428V, Portie, Aikman, 1940-04-20, Male, Jungkat Selatan, +62 342 605 0149, NULL
KJPMWL71M44Q136C, Lin, Verheyden, 2007-04-06, Female, Lotoshino, +7 406 440 4062, NULL
LSAXEF66Y73I913Y, Graehme, Heinecke, 1946-09-29, Male, Naberezhnyye Chelny, +7 129 460 0606, NULL
IBKSMD98Y14Q431V, Brien, Mohring, 1933-06-21, Male, Mollas, +355 850 929 5782, NULL
ZNIDFY28Q72I045G, Byrann, Nye, 1950-11-12, Male, Skole, +380 603 130 6000, NULL
BSAOZM60X43Y363U, Clementine, Keesman, 1953-12-14, Female, Matur, +62 625 818 0764, NULL
EMSWCA36C16R461U, Corty, Villaron, 1941-05-28, Male, Guihulñgan, +63 337 552 3671, NULL
MEQJOA14P40E753K, Tremayne, Woodhall, 1936-11-25, Male, Gaoyan, +86 998 803 2952, NULL
KHOZQN57B94T880D, Marius, Kardos-Stowe, 1934-06-07, Male, Yuanshanzi, +86 172 272 7226, NULL
YSBMNW41R00E220Y, Ulrikaumeko, Larmuth, 1987-09-05, Female, Zhangtan, +86 439 845 5153, NULL
KIQVNL63C71N439B, Isabelita, Vaggs, 2010-10-03, Female, Welkom, +27 390 313 1268, NULL
JFVLND31P90Q177W, Dorita, Bazelle, 1936-05-14, Female, Sukadana, +62 971 160 2877, NULL
UIMEYZ59H07E632F, Elliot, Corradeschi, 1965-03-27, Male, Shuangyang, +86 795 524 2799, NULL
IUNBYZ94T34A052O, Anitra, Catteroll, 1957-11-06, Female, Tashang, +86 247 796 7844, NULL
XUVALK44P31J952S, Gray, Ferruzzi, 1995-10-17, Female, Bagorejo, +62 186 962 7834, NULL
TVGYME70J12P876G, Boris, Aries, 1939-10-26, Male, Shaxi, +86 418 955 0981, NULL
UCEYVK16A38N201X, Maximo, Danshin, 1975-09-16, Male, Suileng, +86 226 278 7127, NULL
SMECBN61H03X858L, Earle, Polle, 1999-07-09, Male, Abakan, +7 996 569 1599, NULL
UJYCQF85T03D590N, Marsh, Morling, 2002-02-27, Male, Batas Barat, +62 459 226 3340, NULL
XZBSTI80M12M209W, Terrance, Fassman, 1938-12-26, Male, Wilmington, +1 910 844 1571, NULL
TWEDQZ67X42M463F, Bancroft, Earngy, 2014-07-13, Male, Laylay, +63 204 749 6660, NULL
EDJLRW10F01Z279U, Penrod, Morby, 1986-07-12, Male, Langsa, +62 755 898 6498, NULL
YVHERX28L67Q683Q, Benjamin, Tabrett, 1931-04-02, Male, Filiátes, +30 808 873 9933, NULL
WDQKUX96Z34A599X, Gale, Yankishin, 2004-09-19, Female, Galtek, +62 453 805 5815, NULL
FPDIJE20H06G458O, Pepe, Hanssmann, 1976-11-19, Male, Wolfville, +1 268 210 7123, NULL
MAVWBC30L98G929S, Thacher, Merrifield, 1975-08-04, Male, Ibusuki, +81 677 294 0324, NULL
DYFPSU88E46F837O, Thornton, Ledward, 1961-04-29, Male, Sungai Raya, +62 405 320 7938, NULL
YMALVG50K59O616A, Ernesta, Gludor, 1990-07-03, Female, Pervomayskaya, +7 790 775 2544, NULL
TGDKUH20B88I602Y, Micky, Ritchley, 1944-11-02, Female, Binjiang, +86 582 251 5299, NULL
STZMRX82F21I662U, Sanson, Gutch, 1980-05-30, Male, Zengfu, +86 892 662 4141, NULL
TIWXGV53R67Q011M, Vin, Pinwill, 1980-09-05, Male, Tevriz, +7 686 288 5879, NULL
GVCSRA98H57J443R, Huberto, Gerring, 1941-07-17, Male, Pobé, +229 183 748 4347, NULL
SLJAQZ05D94V381X, Sam, Diamant, 1932-09-21, Male, Arbois, +33 714 174 6610, NULL
TCLFXR61N81X827U, Cloe, Morrall, 2004-01-08, Female, Pawa, +63 321 702 0783, NULL
DYQOUP26T05L311K, Ann-marie, Spenclay, 1977-01-07, Female, Santa Ana, +51 491 258 3818, NULL
HMRSJQ29E11W403K, Nicky, Vany, 1992-06-03, Male, Södertälje, +46 132 534 9035, NULL
FXWBDZ60M71Z536G, Rollin, Yaknov, 1931-11-28, Male, Mekon, +62 465 256 4700, NULL
XSPLNJ33I61Z284N, Hortensia, Mayow, 1959-09-23, Female, Staraya Kupavna, +7 384 347 9751, NULL
UGMEHB41C41V148D, Rafferty, Maybury, 1935-01-26, Male, Gatbo, +63 386 369 0880, NULL
BCIUMG32E57K439X, Edmon, Kieff, 1968-05-29, Male, Padasuka, +62 818 268 6534, NULL
LCYVWE83C25L688J, Elfreda, Pre, 1939-04-09, Female, Cluses, +33 841 677 9937, NULL
KJPCRZ97X62H203G, Aldo, Toone, 1947-01-19, Male, Yugang, +86 323 732 6466, NULL
AERNJX20D14A020M, Rafaello, Abbis, 1973-12-20, Male, Sabang, +63 292 213 4475, NULL
YCKVIN35Q87J082U, Nils, Ubach, 1938-06-20, Male, Dallas, +1 214 345 5064, NULL
RIGODS75D70R710O, Kate, Alford, 2011-04-12, Female, Gjoçaj, +355 427 732 2085, NULL
DIMTYR99R45I949V, Jenica, Housbie, 1996-10-21, Female, Danilov, +7 764 807 7204, NULL
LUXNWF61S83Q043L, Appolonia, Florio, 1973-12-14, Female, Bailuquan, +86 106 365 8333, NULL
RGKTAY77L36D181X, Leonardo, Grzeszczyk, 1984-03-21, Male, Yingzai, +86 140 972 3778, NULL
ALOSFR42O78E968Y, Dorolice, Rideout, 1960-09-27, Female, Alfenas, +55 122 135 3034, NULL
LSDGEP41N62D949L, Cleve, Sandland, 1938-11-20, Male, Raleigh, +1 919 224 2706, NULL
FSKLYV14I72U279V, Gavin, Exton, 2007-02-14, Male, Nihaona, +62 788 930 9128, NULL
QXCLRG47K02I280N, Rivalee, Doubrava, 1989-01-16, Female, Votuporanga, +55 491 709 6180, NULL
FBQNXY32G35K989A, Lyndsey, Dunning, 2003-04-08, Female, Evinayong, +240 409 903 5614, NULL
JNVDAU07H56K887W, Cassy, March, 1971-11-13, Female, Dayong, +86 441 420 0491, NULL
EBRWFS55X09I097L, Ivie, Acedo, 1958-06-03, Female, Longquan, +86 516 364 1954, NULL
AEVHPK04J50J317B, Dorey, Myrick, 1998-11-26, Male, Falun, +46 852 846 8520, NULL
NRALEQ68U48G137T, Steffane, Shekle, 2005-10-17, Female, Indianapolis, +1 765 159 8280, NULL
LJIBUC16O29M753F, Avie, Candy, 2012-10-15, Female, Neuilly-sur-Seine, +33 780 464 6699, NULL
XKPVDY57F10Y907R, Isahella, Lain, 1944-06-03, Female, Fundong, +237 992 990 2436, NULL
JVKLAS85E00U007K, Natividad, Beecraft, 1959-10-17, Female, Lidingö, +46 692 587 0372, NULL
LSWBXF52Z88D348M, Tad, Babber, 1936-01-14, Male, Wāling, +977 557 835 8240, NULL
TCQIJO64K51I636B, Dorine, Ivey, 1953-01-11, Female, Tudela, +63 914 447 9214, NULL
FIYOSD05Z96B348V, Tyler, Kincade, 1990-02-18, Male, Jiḩānah, +967 389 159 3260, NULL
IVTJOU70C77M753V, Murielle, Eronie, 1953-08-28, Female, Lugovoy, +7 804 865 4812, NULL
DYHVKS30C95G297N, Helsa, Drains, 1980-10-05, Female, Simapu, +86 445 376 7250, NULL
CDQFRZ04L13G048E, Pren, Teager, 1950-08-21, Male, Pilar, +63 535 433 4285, NULL
QSEVPI40U08B815F, Jerry, Dawidowitz, 1939-10-18, Male, Quỳnh Côi, +84 210 770 0772, NULL
TXVSWZ38C80N303G, Tome, Kay, 2004-01-14, Male, The Valley, +1 493 657 6561, NULL
RSJDUC46R40Y579V, Forrester, Casellas, 2013-03-01, Male, Tawau, +60 388 858 2634, NULL
EQKYTZ91H45V333G, Felizio, Holmyard, 1953-04-02, Male, Acao, +63 957 346 0225, NULL
NRVZSA80W15M657U, Willi, Khan, 1983-04-03, Male, Puerto Rico, +51 793 242 1040, NULL
BEXZQA48F93D092T, Ryon, Mundall, 2007-11-26, Male, Valuyki, +7 788 863 0795, NULL
GMCSJQ71E77D492S, Sisile, Opie, 2015-02-10, Female, Guangsheng, +86 119 959 2397, NULL
XJTIMF29Q51W136P, Meggie, Brookesbie, 2013-10-26, Female, les Escaldes, +376 975 594 9267, NULL
FUSRVY80T49R515F, Purcell, Beswick, 1998-12-30, Male, Timpas, +63 482 482 9541, NULL
ZJCOGN78H94I706F, Aldwin, McEntegart, 2006-11-27, Male, Shlissel’burg, +7 193 918 0519, NULL
CGDRFB25U39F651D, Waite, Bowton, 1974-08-29, Male, Xingfu, +86 435 124 6516, NULL
GQHVEX82M38D336L, Reena, Holson, 1997-05-02, Female, Särkisalo, +358 260 627 8252, NULL
JZSHOI49F55R754W, Michele, Halwell, 1949-09-12, Female, Gonzalo Pizarro, +593 738 870 6215, NULL
PNGQMA90W90C610Z, Ula, Hugle, 1940-05-31, Female, Cimenga, +62 853 122 7870, NULL
HLOSFA02H79X087M, Carlita, Vanderplas, 1984-02-23, Female, Misheronskiy, +7 134 146 7153, NULL
ZHIFRB52Z84N367A, Spence, Chatan, 1964-06-05, Male, La Esperanza, +57 608 630 3346, NULL
VTIGPE98R27O820Q, Tammy, Reihill, 1938-10-18, Male, Kuafeu, +62 876 753 8483, NULL
KTSFUA81I54L525Z, Leanora, Sellner, 1999-08-14, Female, Fichē, +251 867 182 2165, NULL
ZWKOJI79U26L911E, Haleigh, Jiruca, 1960-07-05, Male, Gangjia, +86 503 482 6334, NULL
GQMHPF60O24Q917W, Sky, Bicknell, 1935-04-22, Male, Drezdenko, +48 247 923 6083, NULL
WTVSMX88L42U085B, Ashlee, Coxhell, 1945-09-07, Female, Bafia, +237 768 234 4699, NULL
TCGOYF82T13U927T, Cory, Pifford, 1962-07-15, Female, Guanshan, +86 356 676 7873, NULL
KLMWGO28N65Z339K, Elvyn, Middle, 1955-05-22, Male, Vaudreuil-Dorion, +1 122 188 8930, NULL
EFPAQX34W74H103X, Reade, Hallad, 1989-05-02, Male, Shambu, +251 860 702 2958, NULL
TXBWOQ98K21K635T, Erinna, Gave, 1999-04-08, Female, San Agustín Acasaguastlán, +502 791 615 9384, NULL
CLWGKF67C04H761X, Patricia, Sprott, 1937-10-30, Female, Toguchin, +7 375 173 3147, NULL
PQFKCO19V52D352M, Whit, Egginson, 1947-05-12, Male, Pestovo, +7 365 353 9256, NULL
NWJOMU46R21P516L, Angelita, McGall, 1952-10-08, Female, Zadvorsko, +385 498 208 3754, NULL
SYZHCQ38Q13S151O, Joella, Derdes, 1978-01-25, Female, Ozëry, +7 612 906 9783, NULL
PCYRFN77P25X045D, Levon, Delouch, 1985-03-25, Male, Taozhuang, +86 303 246 5164, NULL
MOEZLT30Z26P169S, Wendeline, Hebden, 2000-01-23, Female, Libertad, +52 637 434 6640, NULL
JQIHSN76Q33R126U, Kassie, Benaine, 1996-01-11, Female, San José de Cusmapa, +505 713 358 3074, NULL
JHPIKV71Q04K764R, Jammal, Feeley, 2001-02-11, Male, Sakai-nakajima, +81 676 429 6000, NULL
IBYUKJ25L30S888Y, Ruddy, Gilardone, 1934-04-08, Male, Likhoy, +7 688 613 2853, NULL
CMFDKR74B34E711D, Laetitia, DEmanuele, 1937-01-03, Female, Eséka, +237 966 828 9731, NULL
TDEVAY18W86E402V, Veronike, Rouzet, 1993-02-26, Female, Posadas, +54 804 983 7901, NULL
NMYWPO05M05L877J, Caye, Tomasutti, 1998-08-30, Female, Łąka Prudnicka, +48 551 320 2018, NULL
BWONCZ17G99J689A, Nanny, Simonnot, 1950-10-17, Female, Itaperuna, +55 874 189 8202, NULL
HWBOAU92T77O343X, Dennison, Kemetz, 1947-12-15, Male, Changbai, +86 725 106 9648, NULL
WIHRJT98J60F279G, Agustin, Persse, 1941-02-11, Male, Bar, +382 897 551 1076, NULL
BNUFOD64J28I518M, Anatollo, Chipps, 1988-03-09, Male, Sioguí Arriba, +507 397 260 0156, NULL
UCIRHB24W40U225N, Jillie, Ellingsworth, 2012-07-02, Female, Paulpietersburg, +27 396 760 3918, NULL
GOMZLI11F56W643T, Kathye, Trounce, 1939-01-01, Female, Tagawa, +81 179 204 1169, NULL
AZNCMR67D68E292E, Juliana, Nyssens, 1994-08-05, Female, Oceanside, +1 760 660 7270, NULL
LMCPTH41D77N099X, Alley, Maton, 1990-03-02, Male, Fujioka, +81 238 605 4059, NULL
VCXLRO37U49C214G, Valenka, Arens, 1978-04-15, Female, Huanglong, +86 945 680 5324, NULL
WPSALD06V04A625H, Leanora, Colisbe, 1943-04-29, Female, Báguanos, +53 282 431 2174, NULL
YMZHGC15U17R448X, Calida, Syddie, 1982-07-03, Female, Tsowkêy, +93 697 770 6401, NULL
MORCDQ19F26P704H, Colet, Eaglesham, 1970-04-17, Male, Fojo, +351 497 353 5462, NULL
PHFKRG12C99X204D, Leon, Retchford, 1944-02-21, Male, Xingong, +86 257 229 0485, NULL
XFJSYE08V29Q619J, Free, Fidell, 1989-11-28, Male, Santa Elena, +52 745 330 2247, NULL
AFQICO61L35S891D, Jeremy, Bonnick, 1945-04-11, Male, Arapongas, +55 750 277 4686, NULL
HEFMTB20K46X852G, Sylvester, Waszkiewicz, 2002-05-29, Male, Mingoyo, +255 159 271 8031, NULL
VBSFUC08F18D948T, Nickey, Trevethan, 1964-05-16, Male, Yuecheng, +86 725 783 9359, NULL
TSKJIF00T93Z195F, Asia, Brussell, 1958-03-20, Female, Nahrīn, +93 223 176 4732, NULL
BIJARY82V38Z657G, Carney, Morigan, 1936-06-29, Male, Il’inskiy, +7 446 738 3050, NULL
QMRNZF24V07F808Q, Algernon, Flintoff, 1994-08-16, Male, Dębów, +48 909 453 1202, NULL
GEZBKO08R38F945S, Kary, Guinane, 1970-07-06, Female, Quelimane, +258 978 980 3426, NULL
OMKCGN01R50Q339U, Nonie, Matityahu, 1991-11-19, Female, Salt Lake City, +1 801 399 8602, NULL
LXGOTY80K53P294K, Fidel, Abreheart, 1984-04-10, Male, Roldanillo, +57 480 744 1816, NULL
ERIPAB27N21O930X, Willey, Grent, 1947-01-10, Male, Kieta, +675 912 860 4890, NULL
QUZCHL49W17D776S, Brant, McMychem, 1947-02-15, Male, Rio Formoso, +55 208 189 0273, NULL
HJGDFY11T33W782X, Layney, Shwenn, 2011-12-25, Female, Uppsala, +46 252 415 5132, NULL
FNGLKH04K57S902A, Aileen, Behling, 2006-05-19, Female, Wete, +255 256 816 9071, NULL
CIRYBN60I45C394V, Fletch, Bonin, 2000-05-05, Male, Mtsensk, +7 397 386 8027, NULL
KXJBQC59C30H973J, Alexis, Maundrell, 1978-07-06, Female, Staten Island, +1 718 657 5629, NULL
BAGNQF70P43F783F, Madelaine, Canet, 1981-06-12, Female, Yunlong, +86 963 491 7824, NULL
TZSRIQ07X73O722D, Jarred, Littleproud, 1976-11-08, Male, Urho, +86 249 219 2588, NULL
IJZYHD18A96Y386A, Forrest, Bover, 1959-03-17, Male, Matsuyama, +81 462 645 5762, NULL
EOGAPD69Q95K996I, Redd, Pickton, 1949-05-04, Male, Kaeng Khro, +66 504 658 9843, NULL
PVCBIX78T24Z430F, Robb, Halling, 1978-04-07, Male, Mońki, +48 658 256 9129, NULL
SKUZQR52D61G310C, Jocko, Lampkin, 1942-11-12, Male, Chrysó, +30 283 751 1372, NULL
QOMZTW14G66X621Z, Vinnie, Ungerechts, 1934-04-26, Male, Ceranów, +48 124 983 9791, NULL
ASFGPK34R90G159K, Dael, Bicheno, 1988-11-21, Female, Jiancheng, +86 454 523 5415, NULL
BNJTVZ48M62M341H, Sullivan, Jeenes, 1989-05-17, Male, Amboanjo, +261 281 633 5419, NULL
BPETDL77L45X033E, Roby, Sommerscales, 1944-01-22, Female, Guchang, +86 224 832 8280, NULL
SGXRNT48I71A572G, Lishe, Willerton, 1933-05-10, Female, Rueil-Malmaison, +33 127 709 2737, NULL
TRWYUK24K10O319I, Boot, Gladdor, 1974-11-11, Male, Usquil, +51 795 841 9885, NULL
LBIENG52U12R051G, Krysta, Hoggins, 1945-07-05, Female, Boa Vista, +55 962 844 3591, NULL
LDKIST38A50I460M, Eldin, Di Antonio, 2005-03-23, Male, Campo de la Cruz, +57 146 388 2980, NULL
QCESBM04F96K099R, Manya, Kemball, 1994-09-19, Female, Boldumsaz, +993 513 168 4989, NULL
MLZJAI04O01O537G, Alwin, Rieger, 2004-05-21, Male, Ballyboden, +353 929 750 6549, NULL
YEIZAR94T49P472T, Jessie, Couves, 1993-07-21, Male, Kraaifontein, +27 993 930 4216, NULL
FRKWMZ41M32J123O, Marabel, Deverille, 1990-06-21, Female, Aparecida, +55 224 336 3410, NULL
SWNCMB11J91F724P, Netta, Creighton, 1981-09-13, Female, Lugulu, +254 532 509 8056, NULL
KQMXZO23Q61Q658O, Jacques, De la Barre, 2012-06-28, Male, Taipinghu, +86 227 518 6689, NULL
LVGQAW89G64C219G, Lay, Garshore, 1954-01-07, Male, Jaru, +55 914 866 1201, NULL
AWDGSQ37O65X867O, Burch, Divill, 1981-02-04, Male, Grindavík, +354 899 268 2158, NULL
KZLSWE09N08H637F, Reynold, Rathbone, 1932-06-01, Male, Heyu, +86 800 374 4514, NULL
CPNWTZ58I18A392L, Lowe, Franckton, 1944-01-03, Male, Linxi, +86 508 362 9189, NULL
FWBRNA69W11B194H, Shir, Eyckelberg, 2002-05-17, Female, Arevashogh, +374 291 112 1841, NULL
TLWBAP09U45S019F, Brice, Demke, 1948-02-17, Male, Xialu, +86 930 444 0197, NULL
GNZVXJ21W30L857T, Steven, Sanford, 2007-10-10, Male, Landskrona, +46 820 391 1893, NULL
LTMDRV46N05C812C, Jenilee, Groocock, 1980-02-16, Female, Taclobo, +63 736 590 5068, NULL
MZOAWD17Q58S529J, Francois, Comelini, 1937-03-12, Male, Cabay, +63 630 407 5786, NULL
IHUTDL05D48R505G, Irwin, Trustrie, 1952-08-07, Male, Lakinsk, +7 431 921 1519, NULL
LJXUED19W84N094Z, Britteny, Friary, 1964-09-24, Female, Maple Plain, +1 952 732 4705, NULL
WHGCOA93U31K659L, Edsel, MacGuffie, 1983-03-04, Male, Stenungsund, +46 262 519 0452, NULL
JELCNZ22O67T370F, Darcy, Cashmore, 1980-09-11, Female, Mungui, +51 138 656 2774, NULL
GLFSKZ79I97N259Z, Sheba, McGorman, 2009-07-24, Female, Comalapa, +502 236 808 2393, NULL
MYKQAF56Y25U597F, Wilmar, Toupe, 1993-10-27, Male, Hamada, +81 616 949 0681, NULL
UZQSMP04S40W536F, Brittany, Hartburn, 1989-07-10, Female, Baní, +1 610 460 3564, NULL
JEBIOL30J65W624H, Jessalin, Westcar, 1969-11-14, Female, Drayton Valley, +1 657 957 2445, NULL
OZGSRA89K70V119G, Alis, Summerscales, 1965-09-11, Female, Lower Hutt, +64 747 139 0241, NULL
CKMUGV13M32L404K, Mavis, Pasquale, 2011-12-25, Female, Sarmanovo, +7 709 905 0740, NULL
BDWPXH72O14Y248N, Vitia, Hamelyn, 1957-07-29, Female, Ainaro, +670 838 914 1137, NULL
BGKJOP23L64M705R, Antonio, Tripp, 1962-06-14, Male, Mukō, +81 387 457 6897, NULL
QPXZOC45S13L636C, Carena, Milius, 1973-06-12, Female, Yangmaogong, +86 649 196 8765, NULL
ROWQVK27E05S651Y, Aimil, Prescott, 1990-07-25, Female, Owczarnia, +48 292 670 1640, NULL
CVKSQX45U35X143X, Bibbie, Faucherand, 1980-12-06, Female, Rudziczka, +48 176 908 5404, NULL
OAQUZP90K41M997L, Culley, Blakeley, 2013-11-18, Male, Emiliano Zapata, +52 346 438 2634, NULL
ARJOES08Y43H233T, Farra, Pohls, 1939-06-24, Female, Mosjøen, +47 897 733 5005, NULL
ANKHCI35D87Q073Z, Aland, Layland, 2007-07-06, Male, Tashtagol, +7 587 113 6234, NULL
IPRQCU33R88B740O, Tess, Liddicoat, 2007-09-11, Female, Jiulong, +86 783 911 5099, NULL
WIJSDU05W00F403E, Betsy, Skinley, 1933-08-15, Female, Khinjān, +93 250 212 7951, NULL
MZXJTQ60H68H780H, Sherie, Rodolphe, 1933-09-16, Female, Wuluquele, +86 678 331 3419, NULL
